Id,year,month,day,carrier,origin,dest,delayed
1,2021,1,1,SR,EWR,IAH,0
2,2021,1,1,SR,LGA,IAH,1
3,2021,1,1,ER,JFK,MIA,1
4,2021,1,1,NR,JFK,BQN,0
5,2021,1,1,NER,LGA,ATL,0
6,2021,1,1,SR,EWR,ORD,0
7,2021,1,1,NR,EWR,FLL,1
8,2021,1,1,ER,LGA,IAD,0
9,2021,1,1,NR,JFK,MCO,0
10,2021,1,1,ER,LGA,ORD,0
11,2021,1,1,NR,JFK,PBI,0
12,2021,1,1,NR,JFK,TPA,0
13,2021,1,1,SR,JFK,LAX,0
14,2021,1,1,SR,EWR,SFO,0
15,2021,1,1,ER,LGA,DFW,1
16,2021,1,1,NR,JFK,BOS,0
17,2021,1,1,SR,EWR,LAS,0
18,2021,1,1,NR,LGA,FLL,0
19,2021,1,1,WR,LGA,ATL,0
20,2021,1,1,NR,EWR,PBI,0
21,2021,1,1,NER,LGA,MSP,0
22,2021,1,1,WR,LGA,DTW,1
23,2021,1,1,ER,EWR,MIA,0
24,2021,1,1,NER,JFK,ATL,0
25,2021,1,1,SR,EWR,MIA,0
26,2021,1,1,WR,EWR,ORD,1
27,2021,1,1,SR,JFK,SFO,0
28,2021,1,1,NR,JFK,RSW,0
29,2021,1,1,NR,JFK,SJU,0
30,2021,1,1,NER,EWR,ATL,0
31,2021,1,1,CR,EWR,PHX,0
32,2021,1,1,ER,LGA,MIA,0
33,2021,1,1,SR,LGA,IAH,0
34,2021,1,1,ER,EWR,MSP,1
35,2021,1,1,WR,LGA,MSP,0
36,2021,1,1,CR,JFK,PHX,0
37,2021,1,1,ER,JFK,SJU,0
38,2021,1,1,SR,EWR,LAX,1
39,2021,1,1,ER,LGA,ORD,0
40,2021,1,1,WCR,LGA,BWI,0
41,2021,1,1,CR,EWR,CLT,0
42,2021,1,1,ER,EWR,IAD,1
43,2021,1,1,ER,LGA,DFW,1
44,2021,1,1,NR,LGA,MCO,0
45,2021,1,1,NR,JFK,BOS,0
46,2021,1,1,SR,EWR,PBI,0
47,2021,1,1,CR,EWR,CLT,0
48,2021,1,1,SR,EWR,FLL,0
49,2021,1,1,NR,JFK,BUF,0
50,2021,1,1,SR,LGA,DEN,0
51,2021,1,1,SR,EWR,SNA,0
52,2021,1,1,NR,JFK,LAS,0
53,2021,1,1,NR,JFK,MSY,0
54,2021,1,1,NER,LGA,PBI,0
55,2021,1,1,NER,JFK,SLC,0
56,2021,1,1,NER,JFK,SFO,0
57,2021,1,1,NER,LGA,MIA,0
58,2021,1,1,ER,LGA,ORD,0
59,2021,1,1,ER,JFK,MCO,0
60,2021,1,1,WR,LGA,XNA,1
61,2021,1,1,SR,EWR,TPA,0
62,2021,1,1,NER,LGA,FLL,0
63,2021,1,1,NER,LGA,ATL,0
64,2021,1,1,VX,JFK,LAX,0
65,2021,1,1,ER,LGA,MIA,0
66,2021,1,1,NR,JFK,FLL,0
67,2021,1,1,NER,LGA,DTW,0
68,2021,1,1,SR,EWR,RSW,0
69,2021,1,1,SR,EWR,SJU,0
70,2021,1,1,NR,JFK,LAX,1
71,2021,1,1,SR,LGA,ORD,1
72,2021,1,1,NR,JFK,SJU,0
73,2021,1,1,ER,JFK,FLL,0
74,2021,1,1,SR,EWR,ORD,1
75,2021,1,1,FL,LGA,MKE,0
76,2021,1,1,NR,JFK,MCO,0
77,2021,1,1,SR,EWR,PBI,0
78,2021,1,1,ER,LGA,DFW,1
79,2021,1,1,AS,EWR,SEA,0
80,2021,1,1,ER,EWR,DFW,0
81,2021,1,1,SR,EWR,DEN,0
82,2021,1,1,SR,LGA,IAH,0
83,2021,1,1,VX,JFK,SFO,0
84,2021,1,1,NR,JFK,ROC,0
85,2021,1,1,NR,LGA,RSW,0
86,2021,1,1,SR,EWR,MCO,1
87,2021,1,1,NR,JFK,SYR,0
88,2021,1,1,NR,JFK,SFO,0
89,2021,1,1,ER,LGA,ORD,0
90,2021,1,1,SR,EWR,IAH,1
91,2021,1,1,NR,LGA,TPA,0
92,2021,1,1,ER,JFK,LAX,0
93,2021,1,1,NR,JFK,SRQ,0
94,2021,1,1,NER,JFK,SEA,0
95,2021,1,1,ER,JFK,SFO,0
96,2021,1,1,SR,EWR,SFO,0
97,2021,1,1,WR,EWR,ORD,1
98,2021,1,1,NER,LGA,MCO,0
99,2021,1,1,SR,LGA,DEN,0
100,2021,1,1,CR,LGA,CLT,0
101,2021,1,1,ER,LGA,MIA,0
102,2021,1,1,NER,LGA,ATL,0
103,2021,1,1,WCR,LGA,DEN,1
104,2021,1,1,NR,EWR,MCO,0
105,2021,1,1,NER,JFK,MIA,0
106,2021,1,1,NER,LGA,MSP,0
107,2021,1,1,WR,JFK,RDU,0
108,2021,1,1,NR,EWR,BOS,0
109,2021,1,1,ER,JFK,BOS,0
110,2021,1,1,SR,JFK,SFO,0
111,2021,1,1,NER,JFK,MCO,0
112,2021,1,1,NR,JFK,CLT,0
113,2021,1,1,NR,JFK,FLL,0
114,2021,1,1,WR,LGA,CMH,0
115,2021,1,1,NER,JFK,ATL,0
116,2021,1,1,ER,EWR,JAX,0
117,2021,1,1,9E,JFK,MSP,0
118,2021,1,1,NER,LGA,PBI,0
119,2021,1,1,ER,EWR,CHS,0
120,2021,1,1,WR,LGA,CLT,1
121,2021,1,1,CR,EWR,CLT,0
122,2021,1,1,ER,EWR,MEM,1
123,2021,1,1,NER,LGA,DEN,0
124,2021,1,1,FL,LGA,ATL,1
125,2021,1,1,NR,JFK,PIT,1
126,2021,1,1,NR,JFK,SJU,0
127,2021,1,1,NER,JFK,BOS,0
128,2021,1,1,NER,JFK,SJU,0
129,2021,1,1,NR,JFK,SAN,1
130,2021,1,1,WR,JFK,DCA,0
131,2021,1,1,ER,LGA,CLE,0
132,2021,1,1,CR,JFK,CLT,0
133,2021,1,1,SR,EWR,DFW,1
134,2021,1,1,ER,LGA,STL,0
135,2021,1,1,NR,JFK,JAX,0
136,2021,1,1,ER,JFK,MIA,1
137,2021,1,1,SR,EWR,SFO,0
138,2021,1,1,NR,JFK,ORD,0
139,2021,1,1,SR,EWR,LAX,0
140,2021,1,1,SR,JFK,LAX,0
141,2021,1,1,SR,EWR,MCO,0
142,2021,1,1,ER,LGA,ORD,0
143,2021,1,1,WR,LGA,ATL,0
144,2021,1,1,ER,EWR,MYR,0
145,2021,1,1,WR,LGA,RDU,0
146,2021,1,1,SCR,LGA,DEN,1
147,2021,1,1,ER,LGA,DFW,1
148,2021,1,1,WR,LGA,CLE,0
149,2021,1,1,ER,JFK,SJU,0
150,2021,1,1,NER,JFK,DTW,0
151,2021,1,1,NR,EWR,RSW,0
152,2021,1,1,WR,JFK,BWI,1
153,2021,1,1,SR,EWR,JAC,1
154,2021,1,1,ER,EWR,RDU,0
155,2021,1,1,NER,EWR,DTW,0
156,2021,1,1,SR,EWR,SAN,0
157,2021,1,1,WCR,EWR,MDW,1
158,2021,1,1,NR,JFK,TPA,0
159,2021,1,1,NER,LGA,ATL,0
160,2021,1,1,ER,JFK,LAX,0
161,2021,1,1,NER,LGA,MIA,0
162,2021,1,1,SR,EWR,PBI,0
163,2021,1,1,HA,JFK,HNL,0
164,2021,1,1,NER,LGA,DTW,0
165,2021,1,1,NER,EWR,ATL,0
166,2021,1,1,SR,EWR,SEA,0
167,2021,1,1,WR,LGA,DTW,0
168,2021,1,1,NER,LGA,MCO,0
169,2021,1,1,VX,JFK,LAX,0
170,2021,1,1,SR,EWR,FLL,0
171,2021,1,1,SR,EWR,ORD,0
172,2021,1,1,WR,LGA,BNA,1
173,2021,1,1,SR,EWR,MIA,0
174,2021,1,1,NR,JFK,ACR,1
175,2021,1,1,SR,EWR,DEN,1
176,2021,1,1,NR,JFK,BTV,0
177,2021,1,1,CR,LGA,PHL,0
178,2021,1,1,SR,EWR,IAH,0
179,2021,1,1,ER,JFK,STT,1
180,2021,1,1,ER,JFK,MIA,1
181,2021,1,1,SR,EWR,MIA,0
182,2021,1,1,SR,EWR,STT,0
183,2021,1,1,ER,EWR,DFW,0
184,2021,1,1,SR,EWR,CLE,0
185,2021,1,1,ER,LGA,DFW,1
186,2021,1,1,NR,JFK,MCO,0
187,2021,1,1,NR,JFK,RDU,0
188,2021,1,1,NR,JFK,IAD,0
189,2021,1,1,WR,LGA,CLT,1
190,2021,1,1,NER,JFK,LAX,1
191,2021,1,1,NR,JFK,BOS,0
192,2021,1,1,NR,EWR,SJU,0
193,2021,1,1,NR,JFK,PBI,0
194,2021,1,1,SR,EWR,EGE,0
195,2021,1,1,NER,LGA,RSW,0
196,2021,1,1,ER,EWR,DCA,0
197,2021,1,1,WCR,EWR,DEN,1
198,2021,1,1,SR,EWR,TPA,1
199,2021,1,1,NR,LGA,FLL,0
200,2021,1,1,SR,LGA,ORD,0
201,2021,1,1,VX,JFK,LAS,0
202,2021,1,1,NR,JFK,BUF,0
203,2021,1,1,NR,JFK,FLL,1
204,2021,1,1,WCR,LGA,MDW,0
205,2021,1,1,NER,LGA,TPA,0
206,2021,1,1,NER,LGA,SRQ,0
207,2021,1,1,NR,LGA,PBI,0
208,2021,1,1,WCR,LGA,MKE,0
209,2021,1,1,ER,LGA,ORD,0
210,2021,1,1,WR,LGA,ATL,0
211,2021,1,1,NR,JFK,LAX,0
212,2021,1,1,ER,EWR,AVL,0
213,2021,1,1,NR,JFK,PWM,0
214,2021,1,1,ER,EWR,STL,0
215,2021,1,1,WR,LGA,BNA,0
216,2021,1,1,SR,EWR,LAX,1
217,2021,1,1,CR,EWR,PHX,0
218,2021,1,1,NER,LGA,ATL,0
219,2021,1,1,SR,EWR,BOS,1
220,2021,1,1,NER,LGA,FLL,0
221,2021,1,1,CR,LGA,CLT,0
222,2021,1,1,NR,EWR,FLL,0
223,2021,1,1,CR,JFK,PHX,1
224,2021,1,1,SR,EWR,DEN,0
225,2021,1,1,WR,EWR,ORD,0
226,2021,1,1,NER,LGA,MSP,0
227,2021,1,1,CR,EWR,CLT,0
228,2021,1,1,CR,JFK,CLT,0
229,2021,1,1,ER,LGA,IAD,0
230,2021,1,1,NER,JFK,LAS,0
231,2021,1,1,FL,LGA,ATL,0
232,2021,1,1,ER,EWR,BUF,0
233,2021,1,1,WR,LGA,RDU,0
234,2021,1,1,ER,LGA,DFW,1
235,2021,1,1,SR,EWR,MCO,1
236,2021,1,1,ER,JFK,LAX,0
237,2021,1,1,SR,LGA,IAH,0
238,2021,1,1,ER,JFK,SFO,1
239,2021,1,1,ER,EWR,CHS,0
240,2021,1,1,VX,JFK,SFO,0
241,2021,1,1,SR,EWR,FLL,0
242,2021,1,1,ER,EWR,IND,0
243,2021,1,1,SR,EWR,BOS,1
244,2021,1,1,ER,LGA,ORD,0
245,2021,1,1,SR,EWR,ORD,1
246,2021,1,1,NR,JFK,MCO,0
247,2021,1,1,ER,EWR,MKE,1
248,2021,1,1,SR,EWR,IAH,0
249,2021,1,1,SR,EWR,RSW,0
250,2021,1,1,ER,LGA,DFW,0
251,2021,1,1,NER,JFK,SLC,0
252,2021,1,1,WR,LGA,DTW,0
253,2021,1,1,NR,LGA,FLL,0
254,2021,1,1,NER,LGA,ATL,0
255,2021,1,1,ER,EWR,PWM,0
256,2021,1,1,NER,LGA,TPA,0
257,2021,1,1,CR,LGA,DCA,0
258,2021,1,1,WCR,LGA,BWI,0
259,2021,1,1,WR,JFK,DCA,0
260,2021,1,1,SR,EWR,LAS,0
261,2021,1,1,NR,EWR,PBI,1
262,2021,1,1,NER,LGA,MIA,0
263,2021,1,1,SR,EWR,SFO,1
264,2021,1,1,WR,LGA,CMH,0
265,2021,1,1,ER,LGA,MIA,0
266,2021,1,1,NR,JFK,BTV,0
267,2021,1,1,SR,JFK,SFO,0
268,2021,1,1,NER,LGA,DTW,0
269,2021,1,1,SR,LGA,IAH,1
270,2021,1,1,ER,EWR,SAV,1
271,2021,1,1,WCR,LGA,STL,0
272,2021,1,1,SR,LGA,DEN,1
273,2021,1,1,NR,JFK,SFO,1
274,2021,1,1,NER,LGA,RSW,0
275,2021,1,1,CR,LGA,CLT,0
276,2021,1,1,ER,EWR,RDU,0
277,2021,1,1,SR,JFK,LAX,1
278,2021,1,1,SR,EWR,PBI,0
279,2021,1,1,SR,EWR,TPA,0
280,2021,1,1,ER,LGA,ORD,0
281,2021,1,1,NER,LGA,MSP,0
282,2021,1,1,WR,LGA,CLE,0
283,2021,1,1,NR,JFK,RSW,0
284,2021,1,1,VX,JFK,LAX,0
285,2021,1,1,ER,EWR,MIA,0
286,2021,1,1,NER,LGA,PBI,0
287,2021,1,1,SR,EWR,SNA,0
288,2021,1,1,ER,EWR,ATL,0
289,2021,1,1,FL,LGA,CAK,0
290,2021,1,1,ER,EWR,SYR,0
291,2021,1,1,ER,EWR,CMH,0
292,2021,1,1,NR,JFK,FLL,1
293,2021,1,1,NER,JFK,LAX,0
294,2021,1,1,NR,EWR,BOS,0
295,2021,1,1,WR,LGA,ATL,1
296,2021,1,1,ER,JFK,LAX,0
297,2021,1,1,NER,LGA,FLL,0
298,2021,1,1,NER,LGA,ATL,0
299,2021,1,1,WR,JFK,DCA,0
300,2021,1,1,ER,EWR,ROC,0
301,2021,1,1,WR,LGA,RDU,0
302,2021,1,1,SR,EWR,MCO,0
303,2021,1,1,ER,LGA,DFW,0
304,2021,1,1,WCR,EWR,BWI,0
305,2021,1,1,SR,LGA,ORD,0
306,2021,1,1,CR,JFK,CLT,0
307,2021,1,1,ER,EWR,BTV,0
308,2021,1,1,SR,EWR,SJU,0
309,2021,1,1,ER,EWR,ATL,1
310,2021,1,1,VX,JFK,SFO,0
311,2021,1,1,NR,EWR,MCO,0
312,2021,1,1,SR,EWR,IAH,0
313,2021,1,1,ER,EWR,BUF,0
314,2021,1,1,NR,JFK,HOU,1
315,2021,1,1,ER,EWR,CLT,0
316,2021,1,1,WR,EWR,ORD,1
317,2021,1,1,SR,EWR,SFO,0
318,2021,1,1,ER,LGA,STL,0
319,2021,1,1,NER,LGA,MSY,0
320,2021,1,1,WCR,EWR,MDW,1
321,2021,1,1,ER,EWR,JAX,1
322,2021,1,1,NR,JFK,TPA,0
323,2021,1,1,SR,EWR,PHX,1
324,2021,1,1,ER,EWR,DTW,0
325,2021,1,1,NER,LGA,DTW,0
326,2021,1,1,SR,EWR,FLL,0
327,2021,1,1,ER,JFK,BOS,0
328,2021,1,1,WCR,LGA,MKE,0
329,2021,1,1,ER,EWR,DTW,1
330,2021,1,1,ER,LGA,MIA,0
331,2021,1,1,WR,JFK,RDU,0
332,2021,1,1,ER,EWR,DCA,0
333,2021,1,1,NER,JFK,SLC,0
334,2021,1,1,NER,JFK,SJU,0
335,2021,1,1,NR,JFK,BUF,1
336,2021,1,1,SR,LGA,IAH,0
337,2021,1,1,NR,JFK,FLL,1
338,2021,1,1,ER,LGA,DFW,1
339,2021,1,1,SR,EWR,DEN,1
340,2021,1,1,NER,LGA,ATL,0
341,2021,1,1,WCR,LGA,DEN,0
342,2021,1,1,WR,LGA,BNA,1
343,2021,1,1,CR,LGA,CLT,0
344,2021,1,1,CR,LGA,BOS,0
345,2021,1,1,NR,JFK,LGB,0
346,2021,1,1,WR,LGA,CMH,0
347,2021,1,1,FL,LGA,ATL,0
348,2021,1,1,ER,LGA,ORD,1
349,2021,1,1,ER,EWR,DFW,1
350,2021,1,1,WR,LGA,MSP,1
351,2021,1,1,SR,EWR,DFW,1
352,2021,1,1,NR,JFK,BOS,0
353,2021,1,1,SR,EWR,MIA,0
354,2021,1,1,ER,EWR,DAY,1
355,2021,1,1,NR,JFK,ROC,0
356,2021,1,1,WR,LGA,DTW,0
357,2021,1,1,ER,JFK,MIA,1
358,2021,1,1,WCR,EWR,HOU,0
359,2021,1,1,NR,JFK,PBI,0
360,2021,1,1,CR,EWR,CLT,0
361,2021,1,1,ER,EWR,ALB,0
362,2021,1,1,ER,EWR,BWI,0
363,2021,1,1,WR,LGA,RDU,0
364,2021,1,1,ER,EWR,BNER,0
365,2021,1,1,NR,LGA,MCO,0
366,2021,1,1,SR,EWR,LAX,0
367,2021,1,1,NER,EWR,SLC,1
368,2021,1,1,NER,JFK,ATL,0
369,2021,1,1,VX,JFK,LAX,0
370,2021,1,1,SR,EWR,FLL,0
371,2021,1,1,ER,EWR,IND,1
372,2021,1,1,NR,JFK,JAX,0
373,2021,1,1,ER,EWR,PIT,0
374,2021,1,1,NR,JFK,LAX,1
375,2021,1,1,ER,LGA,MIA,0
376,2021,1,1,NR,LGA,SRQ,1
377,2021,1,1,ER,JFK,LAX,0
378,2021,1,1,ER,EWR,STL,1
379,2021,1,1,ER,LGA,DFW,1
380,2021,1,1,SR,EWR,HNL,1
381,2021,1,1,WCR,EWR,PHX,1
382,2021,1,1,ER,EWR,BUF,1
383,2021,1,1,NR,JFK,PWM,0
384,2021,1,1,ER,EWR,MHT,0
385,2021,1,1,ER,EWR,MSN,1
386,2021,1,1,ER,EWR,CHS,0
387,2021,1,1,NER,JFK,BOS,0
388,2021,1,1,ER,EWR,GSO,1
389,2021,1,1,NR,JFK,MCO,0
390,2021,1,1,WCR,LGA,MDW,1
391,2021,1,1,WR,LGA,CLT,1
392,2021,1,1,SR,EWR,ORD,1
393,2021,1,1,SR,LGA,ORD,0
394,2021,1,1,SR,EWR,IAH,1
395,2021,1,1,CR,EWR,PHX,1
396,2021,1,1,ER,LGA,MEM,1
397,2021,1,1,NER,LGA,ATL,0
398,2021,1,1,ER,EWR,MEM,1
399,2021,1,1,FL,LGA,ATL,0
400,2021,1,1,NR,EWR,FLL,1
401,2021,1,1,SR,EWR,ORD,0
402,2021,1,1,SR,EWR,SEA,0
403,2021,1,1,WR,EWR,ORD,0
404,2021,1,1,NR,JFK,BOS,0
405,2021,1,1,NR,JFK,SEA,1
406,2021,1,1,NER,LGA,RSW,0
407,2021,1,1,WR,LGA,CLE,1
408,2021,1,1,SR,JFK,SFO,0
409,2021,1,1,ER,LGA,IAD,0
410,2021,1,1,ER,EWR,CVG,1
411,2021,1,1,ER,EWR,ATL,0
412,2021,1,1,NR,JFK,BUR,1
413,2021,1,1,SR,EWR,PBI,1
414,2021,1,1,SR,LGA,IAH,0
415,2021,1,1,NR,LGA,PBI,0
416,2021,1,1,SR,EWR,CLE,0
417,2021,1,1,NER,LGA,MSP,0
418,2021,1,1,NER,JFK,SFO,1
419,2021,1,1,NER,JFK,DCA,0
420,2021,1,1,NER,LGA,DTW,0
421,2021,1,1,ER,JFK,MCO,0
422,2021,1,1,ER,EWR,IAD,0
423,2021,1,1,ER,LGA,ORD,0
424,2021,1,1,WR,LGA,ATL,1
425,2021,1,1,ER,JFK,MIA,0
426,2021,1,1,CR,LGA,CLT,0
427,2021,1,1,WR,JFK,RDU,0
428,2021,1,1,9E,JFK,IAD,0
429,2021,1,1,9E,JFK,BUF,0
430,2021,1,1,NR,JFK,FLL,0
431,2021,1,1,WR,JFK,CLE,1
432,2021,1,1,CR,LGA,DCA,0
433,2021,1,1,ER,EWR,PWM,0
434,2021,1,1,9E,JFK,SYR,0
435,2021,1,1,NER,JFK,LAX,0
436,2021,1,1,NR,JFK,MSY,0
437,2021,1,1,NR,JFK,PIT,0
438,2021,1,1,NER,LGA,PBI,0
439,2021,1,1,SR,LGA,ORD,1
440,2021,1,1,SR,EWR,ACR,1
441,2021,1,1,SR,EWR,RSW,0
442,2021,1,1,CR,EWR,CLT,0
443,2021,1,1,WR,LGA,CMH,0
444,2021,1,1,ER,EWR,CMH,0
445,2021,1,1,SR,EWR,TPA,0
446,2021,1,1,NR,LGA,FLL,0
447,2021,1,1,SR,EWR,FLL,0
448,2021,1,1,ER,EWR,RIC,1
449,2021,1,1,WR,LGA,RDU,0
450,2021,1,1,ER,LGA,DFW,1
451,2021,1,1,SR,LGA,DEN,0
452,2021,1,1,9E,JFK,ROC,0
453,2021,1,1,WR,JFK,IND,0
454,2021,1,1,SR,EWR,MCO,1
455,2021,1,1,NR,EWR,TPA,0
456,2021,1,1,NER,LGA,ATL,0
457,2021,1,1,NER,LGA,BUF,0
458,2021,1,1,NR,JFK,MCO,0
459,2021,1,1,ER,EWR,CLT,0
460,2021,1,1,WR,JFK,PIT,0
461,2021,1,1,NR,JFK,SRQ,1
462,2021,1,1,SR,EWR,SFO,0
463,2021,1,1,ER,EWR,DFW,1
464,2021,1,1,WR,JFK,DCA,0
465,2021,1,1,SR,EWR,MCO,0
466,2021,1,1,NER,LGA,MCO,0
467,2021,1,1,WR,JFK,CMH,0
468,2021,1,1,SR,JFK,LAX,0
469,2021,1,1,SR,EWR,LAX,0
470,2021,1,1,NR,JFK,PBI,1
471,2021,1,1,NR,EWR,MCO,1
472,2021,1,1,WCR,EWR,MDW,1
473,2021,1,1,ER,JFK,FLL,0
474,2021,1,1,NR,JFK,BUF,1
475,2021,1,1,NR,JFK,RSW,0
476,2021,1,1,SR,EWR,IAH,1
477,2021,1,1,ER,LGA,STL,0
478,2021,1,1,SR,EWR,ORD,1
479,2021,1,1,CR,LGA,CLT,0
480,2021,1,1,9E,JFK,BWI,0
481,2021,1,1,ER,EWR,DCA,1
482,2021,1,1,ER,EWR,GSP,1
483,2021,1,1,SR,EWR,DEN,1
484,2021,1,1,ER,EWR,GRR,1
485,2021,1,1,WCR,LGA,MKE,1
486,2021,1,1,NER,JFK,MCO,0
487,2021,1,1,ER,JFK,SFO,0
488,2021,1,1,ER,JFK,LAX,0
489,2021,1,1,SR,EWR,LAS,1
490,2021,1,1,NR,JFK,SJU,1
491,2021,1,1,NER,JFK,SAN,0
492,2021,1,1,NER,JFK,SLC,0
493,2021,1,1,SR,LGA,CLE,0
494,2021,1,1,9E,JFK,ORD,0
495,2021,1,1,NER,EWR,ATL,0
496,2021,1,1,WR,LGA,MSP,1
497,2021,1,1,ER,EWR,MCI,1
498,2021,1,1,SR,EWR,MIA,0
499,2021,1,1,9E,JFK,IND,0
500,2021,1,1,ER,LGA,IAD,0
501,2021,1,1,FL,LGA,ATL,0
502,2021,1,1,9E,JFK,BNA,0
503,2021,1,1,ER,JFK,DFW,1
504,2021,1,1,9E,JFK,BOS,0
505,2021,1,1,NER,LGA,ATL,1
506,2021,1,1,WR,JFK,CVG,0
507,2021,1,1,ER,LGA,PIT,0
508,2021,1,1,NER,JFK,RSW,0
509,2021,1,1,SR,LGA,ORD,0
510,2021,1,1,ER,EWR,BNA,1
511,2021,1,1,ER,JFK,IAD,1
512,2021,1,1,NR,EWR,FLL,0
513,2021,1,1,NER,JFK,LAS,0
514,2021,1,1,9E,JFK,PHL,0
515,2021,1,1,SR,EWR,ORD,0
516,2021,1,1,NER,LGA,MCI,0
517,2021,1,1,ER,EWR,BUF,1
518,2021,1,1,NR,JFK,ORD,0
519,2021,1,1,WCR,EWR,DEN,0
520,2021,1,1,WR,LGA,RDU,1
521,2021,1,1,SR,EWR,FLL,0
522,2021,1,1,WR,LGA,CLT,1
523,2021,1,1,ER,LGA,ORD,0
524,2021,1,1,NR,JFK,SYR,1
525,2021,1,1,SR,EWR,BOS,1
526,2021,1,1,ER,LGA,DFW,1
527,2021,1,1,ER,LGA,MIA,1
528,2021,1,1,NR,JFK,MCO,0
529,2021,1,1,NER,JFK,FLL,0
530,2021,1,1,NER,LGA,MSP,0
531,2021,1,1,NER,LGA,DEN,1
532,2021,1,1,SR,EWR,PHX,1
533,2021,1,1,ER,EWR,PIT,1
534,2021,1,1,WR,LGA,ATL,1
535,2021,1,1,SR,EWR,IAH,1
536,2021,1,1,NER,JFK,ATL,1
537,2021,1,1,CR,JFK,PHX,0
538,2021,1,1,ER,JFK,SJU,1
539,2021,1,1,NR,JFK,LAX,0
540,2021,1,1,NER,JFK,DTW,0
541,2021,1,1,NR,JFK,TPA,1
542,2021,1,1,VX,JFK,SFO,0
543,2021,1,1,ER,EWR,IAD,1
544,2021,1,1,NER,JFK,DEN,0
545,2021,1,1,ER,EWR,CVG,1
546,2021,1,1,NR,JFK,PBI,0
547,2021,1,1,ER,EWR,DCA,0
548,2021,1,1,CR,EWR,PHX,0
549,2021,1,1,SR,EWR,SAN,0
550,2021,1,1,WCR,LGA,STL,1
551,2021,1,1,WR,EWR,ORD,0
552,2021,1,1,SR,EWR,DEN,1
553,2021,1,1,SR,EWR,CLE,1
554,2021,1,1,NR,EWR,BOS,0
555,2021,1,1,9E,JFK,MSP,1
556,2021,1,1,ER,EWR,MKE,1
557,2021,1,1,WR,LGA,DTW,0
558,2021,1,1,ER,JFK,BOS,0
559,2021,1,1,SR,EWR,RSW,1
560,2021,1,1,ER,EWR,GSO,1
561,2021,1,1,ER,EWR,ATL,1
562,2021,1,1,NR,LGA,TPA,1
563,2021,1,1,NR,JFK,SAN,0
564,2021,1,1,ER,LGA,DFW,1
565,2021,1,1,NER,LGA,FLL,0
566,2021,1,1,ER,EWR,MHT,0
567,2021,1,1,NER,JFK,ACR,0
568,2021,1,1,ER,EWR,ALB,1
569,2021,1,1,ER,JFK,EGE,0
570,2021,1,1,NER,JFK,SFO,0
571,2021,1,1,VX,JFK,LAX,0
572,2021,1,1,ER,JFK,LAS,0
573,2021,1,1,WCR,EWR,STL,1
574,2021,1,1,SR,EWR,MCO,1
575,2021,1,1,WR,JFK,ORF,0
576,2021,1,1,ER,JFK,ACR,0
577,2021,1,1,SR,LGA,ORD,1
578,2021,1,1,SR,LGA,IAH,1
579,2021,1,1,ER,EWR,DFW,1
580,2021,1,1,CR,LGA,CLT,0
581,2021,1,1,NER,EWR,ATL,0
582,2021,1,1,SR,EWR,LAX,0
583,2021,1,1,WCR,EWR,HOU,1
584,2021,1,1,ER,EWR,BTV,1
585,2021,1,1,NR,JFK,CLT,1
586,2021,1,1,NR,LGA,PBI,1
587,2021,1,1,SR,LGA,DEN,0
588,2021,1,1,SR,EWR,SAT,0
589,2021,1,1,NR,JFK,FLL,0
590,2021,1,1,ER,JFK,ORD,0
591,2021,1,1,SCR,LGA,DEN,0
592,2021,1,1,NR,JFK,SJU,1
593,2021,1,1,SR,EWR,ORD,1
594,2021,1,1,ER,LGA,ORD,0
595,2021,1,1,NR,JFK,SJU,0
596,2021,1,1,WR,LGA,RDU,0
597,2021,1,1,NER,JFK,LAX,1
598,2021,1,1,CR,EWR,CLT,0
599,2021,1,1,SR,EWR,IAH,1
600,2021,1,1,ER,JFK,MIA,0
601,2021,1,1,SR,JFK,SFO,0
602,2021,1,1,ER,JFK,SAN,0
603,2021,1,1,ER,EWR,SDF,1
604,2021,1,1,SR,EWR,SFO,0
605,2021,1,1,FL,LGA,ATL,0
606,2021,1,1,NR,JFK,PHX,1
607,2021,1,1,SR,EWR,SEA,0
608,2021,1,1,ER,EWR,DAY,1
609,2021,1,1,NR,JFK,RSW,1
610,2021,1,1,NR,EWR,PBI,0
611,2021,1,1,NER,LGA,DTW,0
612,2021,1,1,NER,JFK,PDX,0
613,2021,1,1,NER,LGA,MIA,1
614,2021,1,1,NER,LGA,MCO,0
615,2021,1,1,9E,JFK,RDU,1
616,2021,1,1,NR,EWR,MCO,0
617,2021,1,1,NR,JFK,TPA,1
618,2021,1,1,NER,LGA,TPA,0
619,2021,1,1,WCR,LGA,MDW,0
620,2021,1,1,NR,JFK,IAD,1
621,2021,1,1,SR,JFK,LAX,0
622,2021,1,1,NR,JFK,MCO,0
623,2021,1,1,WCR,EWR,MDW,1
624,2021,1,1,NR,LGA,MCO,1
625,2021,1,1,SR,EWR,MCO,1
626,2021,1,1,ER,EWR,DCA,1
627,2021,1,1,NER,LGA,ATL,0
628,2021,1,1,NR,JFK,BOS,0
629,2021,1,1,NR,JFK,FLL,0
630,2021,1,1,SR,EWR,ORD,1
631,2021,1,1,ER,EWR,CMH,0
632,2021,1,1,NR,JFK,RDU,0
633,2021,1,1,SR,EWR,CLE,0
634,2021,1,1,NER,LGA,BUF,0
635,2021,1,1,SR,EWR,LAX,0
636,2021,1,1,ER,EWR,DTW,1
637,2021,1,1,WR,LGA,BNA,1
638,2021,1,1,CR,JFK,CLT,1
639,2021,1,1,SR,EWR,PDX,0
640,2021,1,1,WR,LGA,BNA,1
641,2021,1,1,AS,EWR,SEA,0
642,2021,1,1,NR,JFK,LGB,0
643,2021,1,1,SR,EWR,DFW,0
644,2021,1,1,ER,EWR,STL,1
645,2021,1,1,NR,JFK,SJC,0
646,2021,1,1,ER,EWR,OMA,1
647,2021,1,1,WCR,LGA,BWI,0
648,2021,1,1,WR,LGA,CMH,1
649,2021,1,1,SR,EWR,LAS,1
650,2021,1,1,ER,LGA,ORD,0
651,2021,1,1,ER,EWR,LAX,1
652,2021,1,1,NER,JFK,MSP,0
653,2021,1,1,ER,JFK,SEA,0
654,2021,1,1,9E,JFK,DTW,0
655,2021,1,1,CR,EWR,CLT,0
656,2021,1,1,ER,LGA,MIA,1
657,2021,1,1,NER,JFK,SEA,0
658,2021,1,1,SR,EWR,DEN,0
659,2021,1,1,ER,LGA,CLE,1
660,2021,1,1,SR,EWR,PBI,0
661,2021,1,1,ER,EWR,PWM,0
662,2021,1,1,9E,JFK,CHS,0
663,2021,1,1,SR,EWR,SNA,0
664,2021,1,1,WR,EWR,ORD,0
665,2021,1,1,SR,LGA,ORD,1
666,2021,1,1,ER,EWR,CVG,1
667,2021,1,1,NR,JFK,BUF,0
668,2021,1,1,WR,LGA,CRW,1
669,2021,1,1,SR,JFK,SFO,0
670,2021,1,1,ER,EWR,BTV,1
671,2021,1,1,SR,EWR,FLL,0
672,2021,1,1,ER,LGA,STL,0
673,2021,1,1,NER,JFK,BOS,0
674,2021,1,1,NER,JFK,SJU,0
675,2021,1,1,ER,LGA,DFW,1
676,2021,1,1,ER,JFK,SJU,0
677,2021,1,1,ER,JFK,SFO,1
678,2021,1,1,FL,LGA,ATL,0
679,2021,1,1,ER,JFK,IAD,0
680,2021,1,1,9E,JFK,MSY,0
681,2021,1,1,VX,JFK,SFO,0
682,2021,1,1,CR,LGA,DCA,0
683,2021,1,1,WR,LGA,CLE,1
684,2021,1,1,NER,LGA,ATL,0
685,2021,1,1,SR,LGA,IAH,0
686,2021,1,1,ER,JFK,LAX,1
687,2021,1,1,NR,JFK,MCO,0
688,2021,1,1,NER,JFK,ATL,0
689,2021,1,1,WCR,LGA,MKE,0
690,2021,1,1,ER,EWR,RIC,0
691,2021,1,1,NER,JFK,MIA,0
692,2021,1,1,NR,JFK,OAK,0
693,2021,1,1,NER,JFK,MCO,0
694,2021,1,1,SR,EWR,TPA,0
695,2021,1,1,NER,JFK,SFO,0
696,2021,1,1,NER,JFK,TPA,0
697,2021,1,1,NR,JFK,SLC,0
698,2021,1,1,NER,JFK,LAS,0
699,2021,1,1,ER,EWR,BNA,1
700,2021,1,1,9E,JFK,ORD,1
701,2021,1,1,CR,LGA,CLT,0
702,2021,1,1,WR,LGA,RDU,0
703,2021,1,1,NER,LGA,MCO,0
704,2021,1,1,SR,EWR,PHX,0
705,2021,1,1,NER,JFK,SLC,0
706,2021,1,1,SR,EWR,SFO,0
707,2021,1,1,ER,LGA,ORD,0
708,2021,1,1,ER,EWR,CLT,1
709,2021,1,1,NER,JFK,PHX,0
710,2021,1,1,ER,EWR,GRR,1
711,2021,1,1,NR,JFK,SMF,1
712,2021,1,1,ER,LGA,IAD,0
713,2021,1,1,NER,JFK,LAX,1
714,2021,1,1,ER,EWR,DFW,1
715,2021,1,1,9E,JFK,RDU,0
716,2021,1,1,SR,EWR,BQN,0
717,2021,1,1,NER,JFK,SAN,1
718,2021,1,1,WR,JFK,BNA,1
719,2021,1,1,ER,EWR,OMA,1
720,2021,1,1,ER,JFK,LAX,1
721,2021,1,1,ER,EWR,RIC,1
722,2021,1,1,ER,JFK,TPA,0
723,2021,1,1,SR,EWR,BOS,1
724,2021,1,1,NR,LGA,FLL,0
725,2021,1,1,WR,JFK,DCA,1
726,2021,1,1,9E,JFK,JAX,1
727,2021,1,1,ER,EWR,CHS,1
728,2021,1,1,NR,JFK,LAS,1
729,2021,1,1,VX,JFK,LAX,0
730,2021,1,1,SR,EWR,SEA,1
731,2021,1,1,9E,JFK,PIT,0
732,2021,1,1,9E,JFK,BWI,0
733,2021,1,1,NR,JFK,SFO,0
734,2021,1,1,SR,EWR,DFW,0
735,2021,1,1,NER,JFK,SAT,1
736,2021,1,1,SR,EWR,IAH,0
737,2021,1,1,ER,EWR,TYS,1
738,2021,1,1,9E,JFK,PHL,0
739,2021,1,1,ER,LGA,MIA,0
740,2021,1,1,SR,EWR,MIA,0
741,2021,1,1,ER,EWR,SAV,1
742,2021,1,1,SR,LGA,ORD,0
743,2021,1,1,WR,LGA,MSP,1
744,2021,1,1,WR,LGA,CMH,0
745,2021,1,1,ER,EWR,PIT,1
746,2021,1,1,SR,EWR,CLE,0
747,2021,1,1,ER,JFK,BOS,0
748,2021,1,1,9E,JFK,BUF,0
749,2021,1,1,WR,JFK,CMH,1
750,2021,1,1,9E,JFK,CLE,1
751,2021,1,1,NR,JFK,FLL,0
752,2021,1,1,SR,EWR,RSW,0
753,2021,1,1,FL,LGA,CAK,0
754,2021,1,1,NR,JFK,ACR,0
755,2021,1,1,9E,JFK,CVG,1
756,2021,1,1,NR,JFK,BUR,1
757,2021,1,1,NER,JFK,FLL,0
758,2021,1,1,SR,EWR,ACR,0
759,2021,1,1,ER,EWR,MKE,1
760,2021,1,1,NR,JFK,PBI,1
761,2021,1,1,WCR,EWR,MDW,1
762,2021,1,1,ER,EWR,MHT,0
763,2021,1,1,ER,LGA,ORD,0
764,2021,1,1,NR,JFK,HOU,0
765,2021,1,1,NR,JFK,MSY,0
766,2021,1,1,SR,EWR,IAH,0
767,2021,1,1,SR,EWR,BOS,0
768,2021,1,1,SR,EWR,LAX,0
769,2021,1,1,ER,EWR,RDU,1
770,2021,1,1,NR,JFK,JAX,0
771,2021,1,1,9E,JFK,DCA,0
772,2021,1,1,SR,EWR,MCO,0
773,2021,1,1,WR,JFK,RDU,1
774,2021,1,1,NR,JFK,PDX,1
775,2021,1,1,NR,JFK,RSW,0
776,2021,1,1,WR,LGA,DTW,0
777,2021,1,1,SR,EWR,PBI,0
778,2021,1,1,ER,EWR,ALB,1
779,2021,1,1,ER,EWR,IAD,1
780,2021,1,1,NR,LGA,MCO,0
781,2021,1,1,WR,LGA,RDU,0
782,2021,1,1,WR,EWR,ORD,1
783,2021,1,1,ER,EWR,SDF,1
784,2021,1,1,WCR,LGA,MDW,0
785,2021,1,1,SR,EWR,TPA,0
786,2021,1,1,WR,LGA,CLT,1
787,2021,1,1,NR,JFK,BOS,0
788,2021,1,1,SR,EWR,SJU,0
789,2021,1,1,NER,JFK,LAS,0
790,2021,1,1,NR,JFK,LAX,1
791,2021,1,1,SR,EWR,SFO,0
792,2021,1,1,NR,EWR,MCO,0
793,2021,1,1,WR,LGA,ATL,1
794,2021,1,1,ER,EWR,RIC,1
795,2021,1,1,9E,JFK,CVG,1
796,2021,1,1,ER,EWR,PVD,0
797,2021,1,1,ER,EWR,DSM,1
798,2021,1,1,NR,LGA,FLL,0
799,2021,1,1,NR,EWR,MCO,1
800,2021,1,1,WR,LGA,BNA,1
801,2021,1,1,ER,JFK,LAX,0
802,2021,1,1,WR,JFK,DCA,0
803,2021,1,1,NR,JFK,DEN,0
804,2021,1,1,SR,EWR,FLL,1
805,2021,1,1,NR,EWR,FLL,0
806,2021,1,1,NR,JFK,SJU,0
807,2021,1,1,NR,JFK,MCO,0
808,2021,1,1,ER,EWR,BWI,0
809,2021,1,1,ER,EWR,MIA,1
810,2021,1,1,NR,JFK,PBI,1
811,2021,1,1,NR,JFK,RDU,1
812,2021,1,1,NR,JFK,BUF,1
813,2021,1,1,NR,JFK,SJU,0
814,2021,1,1,NR,JFK,TPA,1
815,2021,1,1,ER,EWR,BUF,1
816,2021,1,1,ER,EWR,PWM,1
817,2021,1,1,NR,JFK,FLL,1
818,2021,1,1,NR,JFK,PWM,0
819,2021,1,1,NR,JFK,BOS,0
820,2021,1,1,ER,EWR,BNER,1
821,2021,1,1,NR,JFK,ROC,1
822,2021,1,1,NR,JFK,BTV,1
823,2021,1,1,NR,JFK,BUF,0
824,2021,1,1,ER,EWR,DCA,1
825,2021,1,1,ER,EWR,BTV,1
826,2021,1,1,NR,JFK,LAS,1
827,2021,1,1,NR,JFK,SYR,1
828,2021,1,1,ER,EWR,MCI,1
829,2021,1,1,NR,JFK,PSE,0
830,2021,1,1,NR,JFK,SJU,0
831,2021,1,1,NR,JFK,BQN,0
832,2021,1,2,NR,JFK,SJU,1
833,2021,1,2,NR,JFK,SYR,1
834,2021,1,2,CR,EWR,CLT,0
835,2021,1,2,SR,EWR,IAH,0
836,2021,1,2,ER,JFK,MIA,0
837,2021,1,2,SR,LGA,IAH,0
838,2021,1,2,NR,JFK,BQN,0
839,2021,1,2,NR,JFK,FLL,0
840,2021,1,2,NR,JFK,PBI,0
841,2021,1,2,NR,LGA,FLL,0
842,2021,1,2,ER,LGA,DFW,1
843,2021,1,2,NR,JFK,TPA,0
844,2021,1,2,NER,LGA,DTW,0
845,2021,1,2,ER,LGA,IAD,0
846,2021,1,2,NER,LGA,ATL,0
847,2021,1,2,NER,LGA,CVG,0
848,2021,1,2,FL,LGA,ATL,1
849,2021,1,2,SR,JFK,SFO,0
850,2021,1,2,SR,EWR,LAS,0
851,2021,1,2,SR,EWR,MIA,0
852,2021,1,2,ER,EWR,CMH,1
853,2021,1,2,ER,EWR,MSP,0
854,2021,1,2,9E,EWR,CVG,0
855,2021,1,2,NR,JFK,MCO,0
856,2021,1,2,WCR,LGA,MDW,0
857,2021,1,2,WR,LGA,DTW,0
858,2021,1,2,SR,LGA,ORD,0
859,2021,1,2,CR,LGA,PHL,0
860,2021,1,2,ER,LGA,ORD,0
861,2021,1,2,SR,EWR,LAX,0
862,2021,1,2,SR,EWR,SFO,0
863,2021,1,2,NER,JFK,ATL,0
864,2021,1,2,NER,LGA,MSP,0
865,2021,1,2,ER,EWR,MIA,0
866,2021,1,2,NR,EWR,FLL,0
867,2021,1,2,ER,LGA,MEM,1
868,2021,1,2,NER,EWR,ATL,0
869,2021,1,2,WCR,EWR,MDW,1
870,2021,1,2,NR,EWR,PBI,0
871,2021,1,2,NR,JFK,SJU,0
872,2021,1,2,SR,JFK,LAX,1
873,2021,1,2,CR,JFK,CLT,1
874,2021,1,2,ER,LGA,MIA,0
875,2021,1,2,WR,LGA,MSP,0
876,2021,1,2,WR,LGA,ATL,1
877,2021,1,2,WR,LGA,CLT,0
878,2021,1,2,SR,LGA,IAH,0
879,2021,1,2,SR,EWR,DFW,0
880,2021,1,2,CR,EWR,CLT,1
881,2021,1,2,NER,LGA,TPA,0
882,2021,1,2,WCR,EWR,BWI,0
883,2021,1,2,ER,EWR,IAD,0
884,2021,1,2,ER,EWR,CVG,1
885,2021,1,2,CR,EWR,PHX,0
886,2021,1,2,NR,JFK,RSW,1
887,2021,1,2,NER,LGA,FLL,0
888,2021,1,2,WCR,LGA,BWI,0
889,2021,1,2,ER,EWR,RDU,0
890,2021,1,2,SR,EWR,LAX,0
891,2021,1,2,ER,LGA,ORD,0
892,2021,1,2,SR,EWR,ACR,1
893,2021,1,2,SR,EWR,PHX,0
894,2021,1,2,ER,EWR,BNA,1
895,2021,1,2,CR,JFK,PHX,0
896,2021,1,2,SR,EWR,CLE,0
897,2021,1,2,NR,JFK,BOS,0
898,2021,1,2,SR,EWR,PBI,0
899,2021,1,2,ER,EWR,ATL,0
900,2021,1,2,ER,LGA,DFW,1
901,2021,1,2,NR,JFK,BUF,0
902,2021,1,2,NR,LGA,MCO,0
903,2021,1,2,CR,LGA,CLT,0
904,2021,1,2,SR,LGA,DEN,0
905,2021,1,2,SR,EWR,BOS,0
906,2021,1,2,CR,EWR,CLT,0
907,2021,1,2,NER,JFK,SLC,0
908,2021,1,2,SR,EWR,MCO,0
909,2021,1,2,NER,JFK,SFO,0
910,2021,1,2,SR,EWR,FLL,0
911,2021,1,2,ER,JFK,MCO,0
912,2021,1,2,NR,JFK,LAS,0
913,2021,1,2,NER,JFK,LAX,0
914,2021,1,2,NER,LGA,PBI,0
915,2021,1,2,NER,LGA,MIA,0
916,2021,1,2,NR,JFK,FLL,0
917,2021,1,2,WR,LGA,XNA,1
918,2021,1,2,CR,LGA,DCA,0
919,2021,1,2,VX,JFK,LAX,0
920,2021,1,2,ER,EWR,CLT,1
921,2021,1,2,ER,LGA,ORD,0
922,2021,1,2,ER,LGA,MIA,0
923,2021,1,2,NER,LGA,MSY,1
924,2021,1,2,SR,EWR,TPA,1
925,2021,1,2,NR,JFK,MSY,1
926,2021,1,2,NER,LGA,DTW,0
927,2021,1,2,SR,EWR,SJU,0
928,2021,1,2,ER,JFK,SJU,1
929,2021,1,2,WR,EWR,ORD,0
930,2021,1,2,ER,JFK,MIA,0
931,2021,1,2,NR,JFK,LAX,0
932,2021,1,2,NER,LGA,ATL,0
933,2021,1,2,SR,LGA,ORD,0
934,2021,1,2,ER,JFK,FLL,0
935,2021,1,2,NR,JFK,MCO,0
936,2021,1,2,SR,JFK,SFO,0
937,2021,1,2,SR,EWR,RSW,0
938,2021,1,2,WR,EWR,ORD,1
939,2021,1,2,AS,EWR,SEA,0
940,2021,1,2,SR,EWR,ORD,0
941,2021,1,2,VX,JFK,SFO,0
942,2021,1,2,SR,EWR,SNA,1
943,2021,1,2,SR,EWR,DEN,0
944,2021,1,2,FL,LGA,MKE,0
945,2021,1,2,NR,LGA,RSW,0
946,2021,1,2,NER,JFK,SEA,0
947,2021,1,2,NR,JFK,SJU,0
948,2021,1,2,ER,JFK,LAX,0
949,2021,1,2,NR,JFK,SYR,1
950,2021,1,2,SR,LGA,IAH,0
951,2021,1,2,NR,JFK,ROC,0
952,2021,1,2,NR,JFK,SFO,0
953,2021,1,2,WCR,EWR,HOU,1
954,2021,1,2,SR,EWR,BOS,0
955,2021,1,2,NR,LGA,TPA,0
956,2021,1,2,ER,LGA,ORD,0
957,2021,1,2,ER,JFK,SFO,0
958,2021,1,2,SR,EWR,MCO,0
959,2021,1,2,WCR,LGA,DEN,0
960,2021,1,2,ER,EWR,GSO,0
961,2021,1,2,SR,LGA,DEN,0
962,2021,1,2,9E,JFK,PHL,0
963,2021,1,2,NER,EWR,ATL,0
964,2021,1,2,ER,LGA,DFW,1
965,2021,1,2,SR,EWR,SFO,0
966,2021,1,2,NR,JFK,SRQ,0
967,2021,1,2,SR,EWR,PBI,1
968,2021,1,2,9E,JFK,PIT,0
969,2021,1,2,ER,EWR,GSP,0
970,2021,1,2,ER,EWR,BTV,0
971,2021,1,2,SR,EWR,IAH,0
972,2021,1,2,ER,EWR,DCA,1
973,2021,1,2,NER,LGA,MCO,0
974,2021,1,2,NR,EWR,MCO,0
975,2021,1,2,NR,JFK,FLL,0
976,2021,1,2,NER,LGA,ATL,0
977,2021,1,2,NER,JFK,MIA,0
978,2021,1,2,CR,LGA,CLT,1
979,2021,1,2,ER,LGA,MIA,0
980,2021,1,2,NR,EWR,BOS,0
981,2021,1,2,NER,JFK,MCO,0
982,2021,1,2,ER,EWR,DFW,1
983,2021,1,2,WR,JFK,RDU,0
984,2021,1,2,SR,EWR,PDX,0
985,2021,1,2,ER,JFK,STT,0
986,2021,1,2,NER,JFK,FLL,0
987,2021,1,2,NER,JFK,ATL,0
988,2021,1,2,CR,EWR,CLT,0
989,2021,1,2,NR,JFK,PIT,0
990,2021,1,2,NER,LGA,MSP,0
991,2021,1,2,NER,LGA,DEN,0
992,2021,1,2,NER,JFK,TPA,0
993,2021,1,2,WR,LGA,BNA,0
994,2021,1,2,NER,LGA,PBI,0
995,2021,1,2,WR,LGA,CMH,0
996,2021,1,2,WR,JFK,DCA,0
997,2021,1,2,ER,EWR,IND,1
998,2021,1,2,9E,JFK,ORD,0
999,2021,1,2,ER,JFK,BOS,0
1000,2021,1,2,NR,JFK,CLT,1
1001,2021,1,2,NR,JFK,SAN,0
1002,2021,1,2,NER,JFK,LAS,1
1003,2021,1,2,NR,JFK,JAX,0
1004,2021,1,2,NR,JFK,SJU,0
1005,2021,1,2,SR,EWR,DFW,1
1006,2021,1,2,SR,EWR,LAX,0
1007,2021,1,2,FL,LGA,ATL,1
1008,2021,1,2,ER,LGA,ORD,0
1009,2021,1,2,NER,LGA,RSW,0
1010,2021,1,2,ER,LGA,STL,0
1011,2021,1,2,NER,EWR,MSP,0
1012,2021,1,2,ER,EWR,OMA,1
1013,2021,1,2,SCR,LGA,DEN,1
1014,2021,1,2,NER,JFK,SJU,0
1015,2021,1,2,WR,LGA,ATL,0
1016,2021,1,2,ER,EWR,ORF,0
1017,2021,1,2,9E,JFK,DCA,0
1018,2021,1,2,NR,JFK,ORD,0
1019,2021,1,2,ER,EWR,ROC,0
1020,2021,1,2,ER,LGA,DFW,0
1021,2021,1,2,SR,JFK,LAX,0
1022,2021,1,2,SR,EWR,ORD,1
1023,2021,1,2,ER,EWR,DAY,1
1024,2021,1,2,WCR,EWR,PHX,1
1025,2021,1,2,ER,EWR,MSP,1
1026,2021,1,2,9E,JFK,RDU,1
1027,2021,1,2,ER,JFK,SJU,0
1028,2021,1,2,WR,LGA,RDU,0
1029,2021,1,2,SR,JFK,SFO,1
1030,2021,1,2,ER,EWR,SYR,0
1031,2021,1,2,9E,JFK,BUF,1
1032,2021,1,2,WR,LGA,CLE,0
1033,2021,1,2,9E,JFK,DTW,0
1034,2021,1,2,NR,JFK,TPA,0
1035,2021,1,2,SR,EWR,DEN,0
1036,2021,1,2,ER,EWR,CHS,0
1037,2021,1,2,9E,JFK,MSP,1
1038,2021,1,2,NR,EWR,RSW,0
1039,2021,1,2,SR,EWR,SAN,0
1040,2021,1,2,ER,EWR,MEM,1
1041,2021,1,2,SR,EWR,SEA,0
1042,2021,1,2,ER,JFK,LAX,0
1043,2021,1,2,WCR,EWR,MDW,1
1044,2021,1,2,NER,EWR,DTW,0
1045,2021,1,2,NER,JFK,LAX,0
1046,2021,1,2,WR,LGA,DTW,0
1047,2021,1,2,ER,JFK,MIA,0
1048,2021,1,2,NER,EWR,ATL,0
1049,2021,1,2,NER,LGA,ATL,0
1050,2021,1,2,NER,LGA,MIA,0
1051,2021,1,2,SR,EWR,SFO,1
1052,2021,1,2,ER,EWR,RIC,1
1053,2021,1,2,SR,EWR,LAX,0
1054,2021,1,2,SR,EWR,CLE,0
1055,2021,1,2,SR,LGA,IAH,0
1056,2021,1,2,NER,LGA,MCO,0
1057,2021,1,2,SR,EWR,JAC,0
1058,2021,1,2,SR,EWR,ORD,0
1059,2021,1,2,VX,JFK,LAX,0
1060,2021,1,2,NR,JFK,BTV,0
1061,2021,1,2,NR,JFK,FLL,1
1062,2021,1,2,HA,JFK,HNL,0
1063,2021,1,2,CR,LGA,CLT,0
1064,2021,1,2,NER,LGA,DTW,0
1065,2021,1,2,NR,JFK,IAD,1
1066,2021,1,2,SR,EWR,IAH,1
1067,2021,1,2,WR,LGA,CLT,0
1068,2021,1,2,SR,EWR,STT,1
1069,2021,1,2,NR,JFK,BOS,0
1070,2021,1,2,ER,EWR,GRR,1
1071,2021,1,2,ER,LGA,DFW,0
1072,2021,1,2,ER,EWR,DFW,0
1073,2021,1,2,ER,EWR,PIT,1
1074,2021,1,2,NR,EWR,SJU,0
1075,2021,1,2,NR,JFK,RDU,1
1076,2021,1,2,NR,LGA,FLL,0
1077,2021,1,2,VX,JFK,LAS,0
1078,2021,1,2,ER,EWR,JAX,1
1079,2021,1,2,NR,JFK,ACR,1
1080,2021,1,2,SR,EWR,TPA,1
1081,2021,1,2,CR,JFK,CLT,1
1082,2021,1,2,NER,LGA,SRQ,0
1083,2021,1,2,SR,EWR,EGE,0
1084,2021,1,2,SR,EWR,PBI,0
1085,2021,1,2,WCR,EWR,DEN,0
1086,2021,1,2,NER,LGA,TPA,0
1087,2021,1,2,SR,EWR,FLL,1
1088,2021,1,2,NR,JFK,BUF,0
1089,2021,1,2,WCR,LGA,MKE,0
1090,2021,1,2,ER,EWR,PWM,1
1091,2021,1,2,NR,JFK,PBI,1
1092,2021,1,2,NR,LGA,PBI,1
1093,2021,1,2,ER,EWR,MHT,1
1094,2021,1,2,ER,EWR,DCA,0
1095,2021,1,2,ER,LGA,ORD,0
1096,2021,1,2,WR,LGA,ATL,0
1097,2021,1,2,ER,EWR,RDU,1
1098,2021,1,2,NR,JFK,PWM,0
1099,2021,1,2,9E,JFK,ROC,0
1100,2021,1,2,ER,LGA,IAD,0
1101,2021,1,2,WCR,LGA,MDW,0
1102,2021,1,2,NER,JFK,SFO,0
1103,2021,1,2,ER,EWR,STL,1
1104,2021,1,2,SR,EWR,MCO,0
1105,2021,1,2,NER,LGA,FLL,0
1106,2021,1,2,NR,EWR,FLL,0
1107,2021,1,2,CR,EWR,PHX,0
1108,2021,1,2,ER,EWR,SAV,1
1109,2021,1,2,9E,JFK,BWI,1
1110,2021,1,2,NR,JFK,LAX,1
1111,2021,1,2,SR,EWR,DEN,0
1112,2021,1,2,CR,LGA,CLT,0
1113,2021,1,2,CR,JFK,CLT,0
1114,2021,1,2,WR,EWR,ORD,0
1115,2021,1,2,CR,EWR,CLT,0
1116,2021,1,2,NER,JFK,LAS,0
1117,2021,1,2,FL,LGA,ATL,0
1118,2021,1,2,CR,JFK,PHX,1
1119,2021,1,2,NER,LGA,ATL,1
1120,2021,1,2,ER,LGA,DFW,0
1121,2021,1,2,ER,EWR,CHS,0
1122,2021,1,2,NR,JFK,BOS,0
1123,2021,1,2,NER,LGA,MSP,0
1124,2021,1,2,WR,LGA,RDU,0
1125,2021,1,2,SR,LGA,IAH,0
1126,2021,1,2,NER,EWR,ATL,0
1127,2021,1,2,VX,JFK,SFO,0
1128,2021,1,2,ER,EWR,BUF,0
1129,2021,1,2,SR,EWR,BOS,1
1130,2021,1,2,ER,EWR,AVL,1
1131,2021,1,2,NR,JFK,MCO,0
1132,2021,1,2,SR,EWR,FLL,1
1133,2021,1,2,ER,EWR,IND,1
1134,2021,1,2,ER,JFK,LAX,0
1135,2021,1,2,WR,LGA,DTW,0
1136,2021,1,2,NR,EWR,PBI,0
1137,2021,1,2,NER,LGA,MEM,0
1138,2021,1,2,SR,EWR,ORD,0
1139,2021,1,2,NR,LGA,FLL,0
1140,2021,1,2,WR,LGA,BNA,1
1141,2021,1,2,NER,JFK,SLC,0
1142,2021,1,2,SR,EWR,SFO,0
1143,2021,1,2,SR,EWR,RSW,1
1144,2021,1,2,ER,LGA,DFW,0
1145,2021,1,2,NER,LGA,MCO,0
1146,2021,1,2,CR,LGA,BOS,0
1147,2021,1,2,NR,JFK,MCO,1
1148,2021,1,2,NER,LGA,ATL,0
1149,2021,1,2,WR,JFK,DCA,0
1150,2021,1,2,SR,EWR,LAS,0
1151,2021,1,2,CR,LGA,DCA,0
1152,2021,1,2,SR,EWR,PBI,1
1153,2021,1,2,NR,JFK,SFO,0
1154,2021,1,2,SR,EWR,IAH,0
1155,2021,1,2,SR,JFK,SFO,0
1156,2021,1,2,WCR,LGA,BWI,0
1157,2021,1,2,ER,LGA,MIA,0
1158,2021,1,2,NR,JFK,BTV,0
1159,2021,1,2,NER,LGA,DTW,0
1160,2021,1,2,WR,LGA,CMH,0
1161,2021,1,2,ER,LGA,ORD,1
1162,2021,1,2,NER,LGA,MIA,1
1163,2021,1,2,ER,LGA,PIT,0
1164,2021,1,2,NER,JFK,MCO,0
1165,2021,1,2,SR,LGA,DEN,1
1166,2021,1,2,ER,LGA,ORD,0
1167,2021,1,2,CR,LGA,CLT,0
1168,2021,1,2,ER,EWR,DTW,1
1169,2021,1,2,SR,JFK,LAX,0
1170,2021,1,2,NER,LGA,RSW,0
1171,2021,1,2,WCR,LGA,STL,0
1172,2021,1,2,NR,JFK,RSW,0
1173,2021,1,2,SR,EWR,TPA,0
1174,2021,1,2,SR,EWR,SJU,0
1175,2021,1,2,VX,JFK,LAX,0
1176,2021,1,2,NR,JFK,FLL,1
1177,2021,1,2,NER,LGA,PBI,0
1178,2021,1,2,ER,EWR,MIA,0
1179,2021,1,2,NER,EWR,ATL,0
1180,2021,1,2,SR,EWR,SNA,0
1181,2021,1,2,NER,LGA,MSP,0
1182,2021,1,2,WR,LGA,MSP,0
1183,2021,1,2,FL,LGA,CAK,0
1184,2021,1,2,NER,LGA,TPA,0
1185,2021,1,2,WR,JFK,DCA,0
1186,2021,1,2,ER,LGA,DFW,0
1187,2021,1,2,NR,EWR,MCO,0
1188,2021,1,2,NR,JFK,HOU,0
1189,2021,1,2,NER,JFK,LAX,0
1190,2021,1,2,WR,LGA,ATL,0
1191,2021,1,2,SR,EWR,BOS,0
1192,2021,1,2,NR,EWR,BOS,0
1193,2021,1,2,NER,LGA,MSY,0
1194,2021,1,2,ER,EWR,RDU,1
1195,2021,1,2,NER,LGA,FLL,0
1196,2021,1,2,CR,JFK,CLT,0
1197,2021,1,2,WCR,EWR,STL,1
1198,2021,1,2,SR,EWR,IAH,0
1199,2021,1,2,VX,JFK,SFO,0
1200,2021,1,2,WR,LGA,CLE,1
1201,2021,1,2,ER,JFK,LAX,0
1202,2021,1,2,ER,EWR,PWM,1
1203,2021,1,2,WR,LGA,RDU,0
1204,2021,1,2,ER,EWR,BUF,0
1205,2021,1,2,SR,EWR,MCO,0
1206,2021,1,2,ER,EWR,ATL,1
1207,2021,1,2,SR,EWR,DEN,0
1208,2021,1,2,ER,LGA,STL,0
1209,2021,1,2,NR,JFK,LAX,0
1210,2021,1,2,WR,EWR,ORD,0
1211,2021,1,2,NR,JFK,TPA,0
1212,2021,1,2,SR,EWR,SFO,0
1213,2021,1,2,ER,EWR,BTV,0
1214,2021,1,2,ER,EWR,MKE,1
1215,2021,1,2,ER,EWR,DAY,0
1216,2021,1,2,ER,EWR,JAX,1
1217,2021,1,2,ER,EWR,DTW,0
1218,2021,1,2,WR,JFK,RDU,0
1219,2021,1,2,NR,JFK,BUF,0
1220,2021,1,2,SR,EWR,PHX,0
1221,2021,1,2,NER,LGA,DTW,0
1222,2021,1,2,WCR,LGA,MKE,0
1223,2021,1,2,WR,LGA,BNA,1
1224,2021,1,2,ER,EWR,CMH,1
1225,2021,1,2,WCR,EWR,BWI,1
1226,2021,1,2,ER,LGA,MIA,0
1227,2021,1,2,ER,EWR,DFW,1
1228,2021,1,2,NER,JFK,SLC,0
1229,2021,1,2,ER,EWR,DTW,1
1230,2021,1,2,ER,EWR,MYR,1
1231,2021,1,2,NER,JFK,SJU,0
1232,2021,1,2,ER,LGA,DFW,0
1233,2021,1,2,NR,JFK,LGB,0
1234,2021,1,2,ER,JFK,BOS,0
1235,2021,1,2,SR,LGA,IAH,0
1236,2021,1,2,9E,EWR,CVG,0
1237,2021,1,2,NER,LGA,ATL,0
1238,2021,1,2,CR,LGA,CLT,0
1239,2021,1,2,NR,JFK,FLL,0
1240,2021,1,2,NER,LGA,CVG,0
1241,2021,1,2,WCR,EWR,MDW,1
1242,2021,1,2,ER,EWR,DCA,0
1243,2021,1,2,NER,EWR,ATL,0
1244,2021,1,2,SR,EWR,DFW,0
1245,2021,1,2,WCR,LGA,DEN,0
1246,2021,1,2,WR,LGA,CMH,0
1247,2021,1,2,SR,EWR,MIA,0
1248,2021,1,2,SR,EWR,ORD,0
1249,2021,1,2,NR,JFK,PBI,0
1250,2021,1,2,NR,JFK,BOS,0
1251,2021,1,2,ER,LGA,ORD,0
1252,2021,1,2,FL,LGA,ATL,0
1253,2021,1,2,CR,EWR,CLT,0
1254,2021,1,2,ER,EWR,GSO,0
1255,2021,1,2,NR,LGA,MCO,1
1256,2021,1,2,SR,EWR,LAX,0
1257,2021,1,2,WCR,EWR,HOU,1
1258,2021,1,2,WR,LGA,RDU,0
1259,2021,1,2,NR,EWR,FLL,0
1260,2021,1,2,NER,JFK,ATL,0
1261,2021,1,2,VX,JFK,LAX,0
1262,2021,1,2,ER,EWR,BUF,0
1263,2021,1,2,NR,JFK,BUR,0
1264,2021,1,2,ER,EWR,ROC,1
1265,2021,1,2,NR,JFK,SJU,0
1266,2021,1,2,ER,EWR,MCI,1
1267,2021,1,2,ER,EWR,ALB,0
1268,2021,1,2,NR,JFK,ROC,1
1269,2021,1,2,ER,EWR,BNER,0
1270,2021,1,2,NR,EWR,MCO,0
1271,2021,1,2,ER,EWR,OMA,1
1272,2021,1,2,NR,JFK,JAX,0
1273,2021,1,2,NR,LGA,SRQ,0
1274,2021,1,2,SR,EWR,FLL,0
1275,2021,1,2,ER,EWR,CLT,1
1276,2021,1,2,ER,EWR,STL,1
1277,2021,1,2,ER,JFK,LAX,0
1278,2021,1,2,NER,LGA,ATL,1
1279,2021,1,2,ER,LGA,MIA,0
1280,2021,1,2,NER,LGA,MCO,1
1281,2021,1,2,SR,EWR,HNL,0
1282,2021,1,2,ER,JFK,MIA,1
1283,2021,1,2,WR,LGA,CLT,0
1284,2021,1,2,CR,EWR,PHX,0
1285,2021,1,2,WCR,LGA,MDW,0
1286,2021,1,2,ER,EWR,RIC,1
1287,2021,1,2,NR,JFK,SEA,0
1288,2021,1,2,NR,JFK,MCO,1
1289,2021,1,2,SR,EWR,IAH,0
1290,2021,1,2,ER,JFK,IAD,0
1291,2021,1,2,NR,JFK,PWM,0
1292,2021,1,2,WR,LGA,DTW,1
1293,2021,1,2,ER,EWR,CHS,0
1294,2021,1,2,NER,JFK,BOS,0
1295,2021,1,2,FL,LGA,ATL,0
1296,2021,1,2,NER,LGA,MIA,0
1297,2021,1,2,WR,EWR,ORD,0
1298,2021,1,2,SR,EWR,MCO,1
1299,2021,1,2,SR,JFK,SFO,0
1300,2021,1,2,WR,LGA,MSP,0
1301,2021,1,2,ER,EWR,BWI,1
1302,2021,1,2,ER,EWR,MSN,1
1303,2021,1,2,SR,EWR,ORD,1
1304,2021,1,2,SR,EWR,PBI,1
1305,2021,1,2,NER,LGA,ATL,1
1306,2021,1,2,NER,LGA,FLL,1
1307,2021,1,2,ER,LGA,IAD,0
1308,2021,1,2,NER,JFK,SFO,0
1309,2021,1,2,WCR,EWR,PHX,1
1310,2021,1,2,SR,LGA,IAH,0
1311,2021,1,2,SR,EWR,CLE,0
1312,2021,1,2,NR,JFK,SRQ,0
1313,2021,1,2,ER,EWR,MEM,1
1314,2021,1,2,NR,LGA,PBI,0
1315,2021,1,2,NER,LGA,RSW,0
1316,2021,1,2,NER,LGA,MSP,0
1317,2021,1,2,NER,JFK,DCA,0
1318,2021,1,2,CR,LGA,CLT,0
1319,2021,1,2,NR,JFK,BUF,0
1320,2021,1,2,9E,JFK,BUF,1
1321,2021,1,2,WR,JFK,CLE,0
1322,2021,1,2,9E,JFK,CLT,0
1323,2021,1,2,NR,JFK,PBI,0
1324,2021,1,2,NER,LGA,DTW,1
1325,2021,1,2,SR,EWR,FLL,1
1326,2021,1,2,NR,JFK,MSY,0
1327,2021,1,2,NR,LGA,FLL,0
1328,2021,1,2,SR,EWR,TPA,0
1329,2021,1,2,NER,LGA,MCI,1
1330,2021,1,2,ER,EWR,STL,1
1331,2021,1,2,ER,LGA,MIA,0
1332,2021,1,2,NR,JFK,BOS,1
1333,2021,1,2,NER,LGA,PBI,0
1334,2021,1,2,CR,LGA,DCA,0
1335,2021,1,2,NR,JFK,PIT,0
1336,2021,1,2,SR,EWR,MCO,1
1337,2021,1,2,9E,JFK,ORF,0
1338,2021,1,2,ER,LGA,ORD,0
1339,2021,1,2,WR,LGA,ATL,1
1340,2021,1,2,CR,EWR,CLT,0
1341,2021,1,2,NER,LGA,ATL,1
1342,2021,1,2,WR,LGA,CMH,0
1343,2021,1,2,NER,JFK,LAX,0
1344,2021,1,2,SR,EWR,SEA,1
1345,2021,1,2,CR,LGA,BOS,0
1346,2021,1,2,ER,EWR,DFW,1
1347,2021,1,2,SR,EWR,BOS,1
1348,2021,1,2,ER,JFK,MIA,0
1349,2021,1,2,NR,JFK,TPA,0
1350,2021,1,2,WR,JFK,IND,0
1351,2021,1,2,9E,JFK,IAD,0
1352,2021,1,2,NR,EWR,TPA,0
1353,2021,1,2,SR,EWR,ACR,0
1354,2021,1,2,ER,EWR,BTV,1
1355,2021,1,2,ER,EWR,GSP,1
1356,2021,1,2,SR,EWR,ORD,1
1357,2021,1,2,WCR,LGA,MKE,0
1358,2021,1,2,ER,LGA,STL,0
1359,2021,1,2,ER,LGA,DFW,1
1360,2021,1,2,WR,LGA,CLE,1
1361,2021,1,2,SR,EWR,LAX,0
1362,2021,1,2,SR,EWR,IAH,0
1363,2021,1,2,SR,EWR,DEN,0
1364,2021,1,2,9E,JFK,BWI,0
1365,2021,1,2,NER,LGA,DEN,1
1366,2021,1,2,9E,LGA,RIC,0
1367,2021,1,2,WR,JFK,DCA,0
1368,2021,1,2,SR,JFK,LAX,0
1369,2021,1,2,NR,JFK,MCO,0
1370,2021,1,2,CR,LGA,CLT,0
1371,2021,1,2,9E,JFK,SYR,1
1372,2021,1,2,WR,LGA,CLT,1
1373,2021,1,2,WR,JFK,RDU,1
1374,2021,1,2,ER,EWR,CVG,1
1375,2021,1,2,ER,JFK,FLL,0
1376,2021,1,2,WR,JFK,PIT,0
1377,2021,1,2,SR,EWR,LAS,0
1378,2021,1,2,ER,JFK,SFO,0
1379,2021,1,2,NR,JFK,FLL,1
1380,2021,1,2,NER,LGA,TPA,0
1381,2021,1,2,WR,LGA,XNA,1
1382,2021,1,2,WR,LGA,RDU,1
1383,2021,1,2,SR,EWR,MCO,0
1384,2021,1,2,9E,JFK,ROC,1
1385,2021,1,2,WR,JFK,CMH,1
1386,2021,1,2,NER,JFK,MCO,0
1387,2021,1,2,NR,JFK,SJU,0
1388,2021,1,2,NER,LGA,MCO,0
1389,2021,1,2,9E,JFK,ORD,1
1390,2021,1,2,ER,LGA,DFW,1
1391,2021,1,2,NER,EWR,ATL,0
1392,2021,1,2,9E,JFK,MSP,0
1393,2021,1,2,SR,LGA,CLE,0
1394,2021,1,2,SR,EWR,RSW,1
1395,2021,1,2,ER,EWR,PIT,1
1396,2021,1,2,NR,JFK,RSW,1
1397,2021,1,2,NR,JFK,ORD,1
1398,2021,1,2,NER,JFK,SAN,0
1399,2021,1,2,NER,JFK,SLC,0
1400,2021,1,2,NER,JFK,ATL,0
1401,2021,1,2,ER,LGA,ROC,0
1402,2021,1,2,NER,JFK,PDX,0
1403,2021,1,2,ER,LGA,MIA,0
1404,2021,1,2,ER,EWR,MCI,1
1405,2021,1,2,NR,LGA,PBI,1
1406,2021,1,2,NER,JFK,RSW,0
1407,2021,1,2,SR,EWR,FLL,0
1408,2021,1,2,ER,JFK,DFW,1
1409,2021,1,2,NR,EWR,FLL,0
1410,2021,1,2,SR,EWR,MIA,1
1411,2021,1,2,FL,LGA,ATL,1
1412,2021,1,2,WR,JFK,CVG,1
1413,2021,1,2,SR,LGA,ORD,0
1414,2021,1,2,ER,EWR,CMH,1
1415,2021,1,2,9E,JFK,BNA,0
1416,2021,1,2,SR,EWR,BOS,0
1417,2021,1,2,9E,JFK,BOS,1
1418,2021,1,2,ER,EWR,GRR,1
1419,2021,1,2,NER,JFK,LAS,0
1420,2021,1,2,NER,LGA,MEM,0
1421,2021,1,2,ER,EWR,MKE,1
1422,2021,1,2,WR,LGA,RDU,1
1423,2021,1,2,NR,JFK,SYR,1
1424,2021,1,2,NER,JFK,FLL,0
1425,2021,1,2,NER,LGA,ATL,0
1426,2021,1,2,SR,EWR,PHX,1
1427,2021,1,2,9E,JFK,PHL,0
1428,2021,1,2,ER,JFK,SFO,1
1429,2021,1,2,ER,EWR,DCA,1
1430,2021,1,2,ER,JFK,SJU,1
1431,2021,1,2,NR,JFK,MCO,0
1432,2021,1,2,ER,LGA,IAD,1
1433,2021,1,2,9E,JFK,RDU,1
1434,2021,1,2,NR,LGA,TPA,0
1435,2021,1,2,WR,LGA,BNA,1
1436,2021,1,2,9E,JFK,IND,1
1437,2021,1,2,WCR,EWR,DEN,0
1438,2021,1,2,ER,LGA,ORD,1
1439,2021,1,2,SR,EWR,SFO,1
1440,2021,1,2,SR,EWR,IAH,0
1441,2021,1,2,9E,JFK,MEM,0
1442,2021,1,2,NER,LGA,DTW,0
1443,2021,1,2,SR,EWR,RSW,1
1444,2021,1,2,ER,EWR,IAD,1
1445,2021,1,2,NER,JFK,SEA,0
1446,2021,1,2,NR,JFK,LAX,0
1447,2021,1,2,NER,JFK,DTW,0
1448,2021,1,2,SR,EWR,CLE,0
1449,2021,1,2,NER,LGA,MSP,1
1450,2021,1,2,VX,JFK,SFO,0
1451,2021,1,2,NER,JFK,DEN,0
1452,2021,1,2,SR,EWR,SAN,0
1453,2021,1,2,WCR,LGA,STL,0
1454,2021,1,2,CR,EWR,PHX,0
1455,2021,1,2,ER,EWR,SDF,1
1456,2021,1,2,NR,JFK,RSW,0
1457,2021,1,2,NER,JFK,MIA,1
1458,2021,1,2,ER,LGA,DFW,1
1459,2021,1,2,ER,EWR,PWM,1
1460,2021,1,2,WR,EWR,ORD,0
1461,2021,1,2,SR,EWR,MCO,1
1462,2021,1,2,SR,EWR,DEN,1
1463,2021,1,2,ER,JFK,BOS,0
1464,2021,1,2,NR,JFK,CLT,0
1465,2021,1,2,SR,EWR,SAT,0
1466,2021,1,2,NR,EWR,BOS,0
1467,2021,1,2,NER,JFK,SFO,0
1468,2021,1,2,NER,LGA,CVG,0
1469,2021,1,2,VX,JFK,LAX,0
1470,2021,1,2,NER,JFK,ACR,0
1471,2021,1,2,9E,JFK,CVG,0
1472,2021,1,2,WCR,EWR,STL,0
1473,2021,1,2,ER,JFK,LAS,1
1474,2021,1,2,NR,JFK,PBI,1
1475,2021,1,2,WR,LGA,DTW,1
1476,2021,1,2,NR,JFK,SAN,1
1477,2021,1,2,SR,LGA,ORD,0
1478,2021,1,2,ER,EWR,SAV,1
1479,2021,1,2,ER,JFK,EGE,1
1480,2021,1,2,CR,LGA,CLT,0
1481,2021,1,2,ER,EWR,DFW,0
1482,2021,1,2,SR,LGA,IAH,0
1483,2021,1,2,ER,EWR,BNA,1
1484,2021,1,2,SR,LGA,DEN,0
1485,2021,1,2,SR,EWR,LAX,0
1486,2021,1,2,ER,EWR,ATL,0
1487,2021,1,2,WCR,EWR,MDW,1
1488,2021,1,2,NR,JFK,TPA,0
1489,2021,1,2,WR,JFK,ORF,1
1490,2021,1,2,ER,JFK,ACR,1
1491,2021,1,2,ER,JFK,LAX,1
1492,2021,1,2,ER,JFK,ORD,0
1493,2021,1,2,WR,JFK,BNA,0
1494,2021,1,2,FL,LGA,ATL,0
1495,2021,1,2,NER,LGA,FLL,1
1496,2021,1,2,NER,LGA,ATL,1
1497,2021,1,2,NER,EWR,SLC,0
1498,2021,1,2,NER,JFK,LAX,0
1499,2021,1,2,ER,JFK,MIA,0
1500,2021,1,2,SR,EWR,PDX,0
1501,2021,1,2,CR,EWR,CLT,0
1502,2021,1,2,ER,EWR,DCA,1
1503,2021,1,2,ER,EWR,IAD,1
1504,2021,1,2,SCR,LGA,DEN,0
1505,2021,1,2,SR,EWR,DFW,0
1506,2021,1,2,NER,LGA,ATL,0
1507,2021,1,2,SR,EWR,IAH,1
1508,2021,1,2,SR,JFK,SFO,0
1509,2021,1,2,NR,JFK,BTV,0
1510,2021,1,2,WR,LGA,ATL,1
1511,2021,1,2,ER,JFK,SAN,0
1512,2021,1,2,SR,EWR,SAN,0
1513,2021,1,2,ER,EWR,CVG,0
1514,2021,1,2,ER,LGA,ORD,1
1515,2021,1,2,NER,JFK,PDX,0
1516,2021,1,2,NER,JFK,SAN,0
1517,2021,1,2,ER,EWR,DTW,0
1518,2021,1,2,WR,LGA,XNA,0
1519,2021,1,2,SR,EWR,MCO,0
1520,2021,1,2,ER,LGA,DFW,1
1521,2021,1,2,NR,JFK,MCO,0
1522,2021,1,2,NER,LGA,DTW,0
1523,2021,1,2,NER,LGA,MCO,0
1524,2021,1,2,ER,EWR,ALB,1
1525,2021,1,2,SR,JFK,LAX,0
1526,2021,1,2,WR,LGA,RDU,1
1527,2021,1,2,SR,EWR,ORD,1
1528,2021,1,2,ER,EWR,BTV,1
1529,2021,1,2,NR,JFK,BOS,0
1530,2021,1,2,NR,JFK,IAD,0
1531,2021,1,2,WCR,EWR,MDW,0
1532,2021,1,2,WCR,LGA,MDW,0
1533,2021,1,2,ER,JFK,MCO,1
1534,2021,1,2,NR,JFK,FLL,1
1535,2021,1,2,ER,EWR,GSO,1
1536,2021,1,2,ER,EWR,BUF,1
1537,2021,1,2,ER,JFK,SFO,0
1538,2021,1,2,ER,EWR,MIA,1
1539,2021,1,2,NR,JFK,FLL,0
1540,2021,1,2,ER,EWR,MHT,1
1541,2021,1,2,NR,JFK,RDU,0
1542,2021,1,2,NER,LGA,ATL,0
1543,2021,1,2,9E,JFK,PIT,1
1544,2021,1,2,CR,JFK,PHX,1
1545,2021,1,2,NER,LGA,MSP,0
1546,2021,1,2,SR,EWR,CLE,0
1547,2021,1,2,ER,EWR,ATL,1
1548,2021,1,2,WR,LGA,BNA,0
1549,2021,1,2,WR,LGA,CMH,0
1550,2021,1,2,ER,EWR,RDU,1
1551,2021,1,2,SR,EWR,LAX,0
1552,2021,1,2,NR,EWR,PBI,1
1553,2021,1,2,SR,LGA,ORD,0
1554,2021,1,2,ER,EWR,RIC,1
1555,2021,1,2,ER,LGA,MIA,0
1556,2021,1,2,NR,JFK,PHX,1
1557,2021,1,2,WCR,EWR,HOU,1
1558,2021,1,2,WCR,LGA,BWI,0
1559,2021,1,2,NR,JFK,LGB,0
1560,2021,1,2,SR,EWR,SFO,1
1561,2021,1,2,AS,EWR,SEA,0
1562,2021,1,2,ER,EWR,DCA,1
1563,2021,1,2,WR,LGA,CLE,0
1564,2021,1,2,9E,JFK,CHS,0
1565,2021,1,2,NER,JFK,SEA,0
1566,2021,1,2,SR,EWR,ORD,1
1567,2021,1,2,CR,EWR,CLT,0
1568,2021,1,2,NER,JFK,MSP,0
1569,2021,1,2,NER,JFK,DTW,0
1570,2021,1,2,SR,EWR,SNA,0
1571,2021,1,2,ER,EWR,BWI,1
1572,2021,1,2,SR,EWR,LAS,0
1573,2021,1,2,NER,EWR,ATL,0
1574,2021,1,2,NR,JFK,SJC,1
1575,2021,1,2,SR,EWR,DEN,0
1576,2021,1,2,WR,JFK,BWI,0
1577,2021,1,2,NR,LGA,MCO,1
1578,2021,1,2,NER,LGA,PIT,0
1579,2021,1,2,SR,EWR,FLL,0
1580,2021,1,2,CR,JFK,CLT,1
1581,2021,1,2,NR,JFK,BUR,0
1582,2021,1,2,NER,JFK,SJU,0
1583,2021,1,2,ER,JFK,SEA,0
1584,2021,1,2,WCR,EWR,BWI,0
1585,2021,1,2,NR,JFK,OAK,0
1586,2021,1,2,NER,JFK,BOS,0
1587,2021,1,2,SR,EWR,SEA,1
1588,2021,1,2,WR,LGA,MSP,0
1589,2021,1,2,SR,JFK,SFO,0
1590,2021,1,2,9E,EWR,CVG,1
1591,2021,1,2,ER,EWR,STL,1
1592,2021,1,2,ER,EWR,LAX,1
1593,2021,1,2,ER,LGA,STL,0
1594,2021,1,2,VX,JFK,SFO,0
1595,2021,1,2,WR,EWR,ORD,0
1596,2021,1,2,FL,LGA,ATL,0
1597,2021,1,2,ER,JFK,SJU,0
1598,2021,1,2,NER,LGA,ATL,0
1599,2021,1,2,CR,LGA,DCA,0
1600,2021,1,2,ER,JFK,IAD,0
1601,2021,1,2,NER,JFK,ATL,0
1602,2021,1,2,NER,JFK,LAX,0
1603,2021,1,2,WCR,LGA,MKE,0
1604,2021,1,2,NR,JFK,MCO,0
1605,2021,1,2,NR,JFK,SJU,0
1606,2021,1,2,CR,LGA,CLT,0
1607,2021,1,2,NR,JFK,BUF,1
1608,2021,1,2,NER,LGA,BUF,0
1609,2021,1,2,NER,JFK,MCO,0
1610,2021,1,2,SR,EWR,PBI,0
1611,2021,1,2,ER,EWR,DFW,0
1612,2021,1,2,NER,JFK,LAS,0
1613,2021,1,2,ER,EWR,BNA,0
1614,2021,1,2,ER,JFK,LAX,0
1615,2021,1,2,ER,LGA,ORD,1
1616,2021,1,2,NER,LGA,DEN,1
1617,2021,1,2,SR,EWR,SFO,0
1618,2021,1,2,ER,EWR,DAY,1
1619,2021,1,2,NER,JFK,TPA,0
1620,2021,1,2,NR,JFK,SMF,0
1621,2021,1,2,NR,JFK,SLC,0
1622,2021,1,2,SR,LGA,IAH,1
1623,2021,1,2,9E,JFK,ORD,1
1624,2021,1,2,SR,EWR,PHX,0
1625,2021,1,2,NER,LGA,MSY,0
1626,2021,1,2,NER,JFK,PHX,0
1627,2021,1,2,WR,LGA,RDU,0
1628,2021,1,2,ER,EWR,DSM,1
1629,2021,1,2,WR,LGA,CRW,1
1630,2021,1,2,NER,LGA,MCO,0
1631,2021,1,2,NER,JFK,MIA,1
1632,2021,1,2,ER,LGA,IAD,0
1633,2021,1,2,ER,LGA,DFW,0
1634,2021,1,2,NER,LGA,TPA,0
1635,2021,1,2,NR,JFK,PBI,0
1636,2021,1,2,NER,JFK,SLC,0
1637,2021,1,2,NER,LGA,PBI,0
1638,2021,1,2,NR,EWR,MCO,1
1639,2021,1,2,WR,JFK,CMH,0
1640,2021,1,2,NER,LGA,RSW,1
1641,2021,1,2,ER,EWR,CLT,1
1642,2021,1,2,NER,JFK,SFO,1
1643,2021,1,2,SR,EWR,BOS,1
1644,2021,1,2,ER,JFK,TPA,0
1645,2021,1,2,ER,EWR,OMA,1
1646,2021,1,2,ER,EWR,RIC,1
1647,2021,1,2,9E,JFK,CLE,1
1648,2021,1,2,SR,EWR,SEA,0
1649,2021,1,2,SR,EWR,TPA,0
1650,2021,1,2,ER,EWR,PWM,1
1651,2021,1,2,9E,JFK,CVG,1
1652,2021,1,2,9E,JFK,JAX,0
1653,2021,1,2,9E,JFK,CLT,1
1654,2021,1,2,NR,LGA,FLL,0
1655,2021,1,2,SR,EWR,IAH,0
1656,2021,1,2,NR,JFK,LAS,1
1657,2021,1,2,9E,LGA,TYS,1
1658,2021,1,2,ER,LGA,ORD,1
1659,2021,1,2,9E,JFK,RDU,1
1660,2021,1,2,NER,LGA,ATL,0
1661,2021,1,2,VX,JFK,LAX,0
1662,2021,1,2,NER,LGA,DTW,0
1663,2021,1,2,ER,EWR,TUL,1
1664,2021,1,2,NR,JFK,SFO,1
1665,2021,1,2,SR,LGA,ORD,1
1666,2021,1,2,9E,JFK,PHL,0
1667,2021,1,2,ER,LGA,MIA,0
1668,2021,1,2,SR,EWR,MIA,0
1669,2021,1,2,WR,JFK,DCA,1
1670,2021,1,2,NER,LGA,FLL,1
1671,2021,1,2,ER,EWR,DCA,1
1672,2021,1,2,WCR,EWR,MDW,1
1673,2021,1,2,WR,LGA,ATL,0
1674,2021,1,2,SR,EWR,CLE,0
1675,2021,1,2,ER,JFK,BOS,0
1676,2021,1,2,FL,LGA,CAK,0
1677,2021,1,2,NR,JFK,PDX,0
1678,2021,1,2,NR,JFK,MSY,0
1679,2021,1,2,WR,LGA,CMH,0
1680,2021,1,2,SR,EWR,DFW,0
1681,2021,1,2,9E,JFK,PIT,1
1682,2021,1,2,NR,JFK,FLL,0
1683,2021,1,2,NER,JFK,ATL,0
1684,2021,1,2,ER,EWR,MKE,1
1685,2021,1,2,NER,JFK,FLL,0
1686,2021,1,2,NR,JFK,ACR,1
1687,2021,1,2,SR,EWR,ACR,1
1688,2021,1,2,NR,JFK,HOU,0
1689,2021,1,2,9E,JFK,MSY,1
1690,2021,1,2,WR,JFK,RDU,1
1691,2021,1,2,SR,EWR,MCO,0
1692,2021,1,2,9E,JFK,DCA,0
1693,2021,1,2,SR,EWR,LAX,0
1694,2021,1,2,ER,EWR,MHT,0
1695,2021,1,2,SR,EWR,BQN,0
1696,2021,1,2,ER,EWR,BUF,1
1697,2021,1,2,ER,LGA,ORD,0
1698,2021,1,2,NR,JFK,JAX,0
1699,2021,1,2,ER,EWR,CMH,1
1700,2021,1,2,ER,LGA,BHM,1
1701,2021,1,2,ER,EWR,TYS,1
1702,2021,1,2,NR,JFK,LAX,0
1703,2021,1,2,WR,LGA,DTW,0
1704,2021,1,2,WR,EWR,ORD,0
1705,2021,1,2,ER,EWR,RDU,1
1706,2021,1,2,ER,EWR,CHS,1
1707,2021,1,2,SR,EWR,SFO,1
1708,2021,1,2,NR,EWR,MCO,1
1709,2021,1,2,NR,LGA,MCO,0
1710,2021,1,2,WCR,LGA,MDW,0
1711,2021,1,2,SR,EWR,PBI,0
1712,2021,1,2,NER,JFK,LAX,0
1713,2021,1,2,WR,LGA,CLT,0
1714,2021,1,2,WR,LGA,RDU,0
1715,2021,1,2,SR,EWR,IAH,1
1716,2021,1,2,SR,EWR,FLL,1
1717,2021,1,2,SR,EWR,TPA,0
1718,2021,1,2,ER,EWR,IAD,1
1719,2021,1,2,SR,EWR,BOS,1
1720,2021,1,2,NER,JFK,LAS,0
1721,2021,1,2,ER,EWR,SDF,1
1722,2021,1,2,ER,EWR,GRR,1
1723,2021,1,2,NR,EWR,MCO,0
1724,2021,1,2,WR,LGA,BNA,0
1725,2021,1,2,9E,JFK,BUF,1
1726,2021,1,2,NR,JFK,DEN,0
1727,2021,1,2,ER,EWR,RIC,0
1728,2021,1,2,SR,EWR,SJU,0
1729,2021,1,2,ER,EWR,PVD,0
1730,2021,1,2,NR,JFK,TPA,0
1731,2021,1,2,NR,LGA,FLL,1
1732,2021,1,2,NR,JFK,LAS,0
1733,2021,1,2,SR,LGA,DEN,1
1734,2021,1,2,ER,JFK,LAX,0
1735,2021,1,2,NR,JFK,SJU,0
1736,2021,1,2,NR,JFK,BUF,0
1737,2021,1,2,NR,JFK,PBI,0
1738,2021,1,2,NR,EWR,FLL,1
1739,2021,1,2,NER,LGA,MIA,1
1740,2021,1,2,ER,EWR,ALB,1
1741,2021,1,2,9E,JFK,BWI,1
1742,2021,1,2,NR,JFK,RDU,0
1743,2021,1,2,NR,JFK,FLL,1
1744,2021,1,2,NER,LGA,PWM,0
1745,2021,1,2,ER,EWR,OKC,1
1746,2021,1,2,NR,JFK,SJU,0
1747,2021,1,2,NR,JFK,PWM,0
1748,2021,1,2,NR,JFK,ROC,0
1749,2021,1,2,ER,EWR,PWM,1
1750,2021,1,2,ER,EWR,BNER,1
1751,2021,1,2,NER,LGA,ATL,1
1752,2021,1,2,NR,JFK,BUF,0
1753,2021,1,2,ER,EWR,BWI,1
1754,2021,1,2,WR,JFK,DCA,1
1755,2021,1,2,ER,EWR,BTV,1
1756,2021,1,2,NR,JFK,MCO,1
1757,2021,1,2,NR,JFK,BTV,1
1758,2021,1,2,NR,JFK,PSE,0
1759,2021,1,2,NR,JFK,BQN,0
1760,2021,1,3,NR,JFK,SJU,1
1761,2021,1,3,NR,JFK,BUF,1
1762,2021,1,3,NR,JFK,BQN,1
1763,2021,1,3,CR,EWR,CLT,0
1764,2021,1,3,SR,EWR,IAH,0
1765,2021,1,3,SR,LGA,IAH,1
1766,2021,1,3,ER,JFK,MIA,0
1767,2021,1,3,NR,JFK,BQN,0
1768,2021,1,3,NR,JFK,MCO,0
1769,2021,1,3,NER,LGA,DTW,0
1770,2021,1,3,ER,JFK,IAD,0
1771,2021,1,3,NR,JFK,FLL,0
1772,2021,1,3,WR,LGA,ATL,0
1773,2021,1,3,WR,EWR,ORD,0
1774,2021,1,3,ER,EWR,IAD,1
1775,2021,1,3,NR,EWR,PBI,0
1776,2021,1,3,NR,LGA,FLL,0
1777,2021,1,3,NER,LGA,ATL,0
1778,2021,1,3,WR,LGA,DTW,0
1779,2021,1,3,CR,LGA,PHL,0
1780,2021,1,3,ER,EWR,MKE,0
1781,2021,1,3,NR,JFK,PBI,0
1782,2021,1,3,NR,JFK,TPA,0
1783,2021,1,3,NER,EWR,DTW,0
1784,2021,1,3,ER,LGA,IAD,0
1785,2021,1,3,FL,LGA,ATL,1
1786,2021,1,3,ER,LGA,ORD,0
1787,2021,1,3,SR,EWR,CLE,0
1788,2021,1,3,WCR,LGA,MDW,0
1789,2021,1,3,WCR,EWR,BWI,0
1790,2021,1,3,SR,JFK,SFO,0
1791,2021,1,3,ER,EWR,MIA,0
1792,2021,1,3,ER,LGA,MIA,0
1793,2021,1,3,NR,JFK,RSW,1
1794,2021,1,3,ER,EWR,MSP,0
1795,2021,1,3,NER,EWR,ATL,0
1796,2021,1,3,NER,JFK,ATL,1
1797,2021,1,3,WR,LGA,RDU,0
1798,2021,1,3,CR,JFK,CLT,0
1799,2021,1,3,NER,LGA,MSP,0
1800,2021,1,3,SR,JFK,LAX,1
1801,2021,1,3,NR,JFK,SJU,0
1802,2021,1,3,ER,JFK,SJU,0
1803,2021,1,3,SR,EWR,PBI,0
1804,2021,1,3,ER,LGA,DFW,1
1805,2021,1,3,NR,EWR,FLL,1
1806,2021,1,3,NER,LGA,MSY,0
1807,2021,1,3,CR,EWR,CLT,0
1808,2021,1,3,SR,EWR,PHX,0
1809,2021,1,3,CR,JFK,PHX,0
1810,2021,1,3,ER,EWR,CLT,1
1811,2021,1,3,SR,EWR,MIA,0
1812,2021,1,3,CR,LGA,CLT,0
1813,2021,1,3,ER,EWR,RDU,0
1814,2021,1,3,SR,EWR,BOS,0
1815,2021,1,3,WR,LGA,CLT,0
1816,2021,1,3,ER,EWR,PIT,0
1817,2021,1,3,CR,EWR,PHX,0
1818,2021,1,3,WCR,LGA,BWI,0
1819,2021,1,3,SR,EWR,ACR,1
1820,2021,1,3,ER,LGA,DFW,1
1821,2021,1,3,SR,EWR,SFO,0
1822,2021,1,3,ER,EWR,IND,1
1823,2021,1,3,SR,LGA,IAH,0
1824,2021,1,3,ER,EWR,BNA,1
1825,2021,1,3,NR,JFK,BOS,0
1826,2021,1,3,ER,LGA,BUF,0
1827,2021,1,3,ER,EWR,SDF,1
1828,2021,1,3,NR,JFK,BUF,0
1829,2021,1,3,CR,EWR,CLT,1
1830,2021,1,3,NR,LGA,MCO,0
1831,2021,1,3,SR,LGA,DEN,0
1832,2021,1,3,NER,JFK,SLC,0
1833,2021,1,3,NER,JFK,SFO,0
1834,2021,1,3,NER,LGA,MCO,0
1835,2021,1,3,SR,EWR,LAS,0
1836,2021,1,3,NER,LGA,ATL,0
1837,2021,1,3,NER,LGA,MIA,0
1838,2021,1,3,CR,LGA,DCA,0
1839,2021,1,3,NER,JFK,LAX,0
1840,2021,1,3,ER,EWR,MSY,1
1841,2021,1,3,ER,JFK,MCO,0
1842,2021,1,3,NR,JFK,FLL,0
1843,2021,1,3,NR,JFK,LAS,0
1844,2021,1,3,NER,LGA,FLL,0
1845,2021,1,3,VX,JFK,LAX,0
1846,2021,1,3,SR,EWR,ORD,0
1847,2021,1,3,ER,EWR,DTW,0
1848,2021,1,3,NR,JFK,LAX,0
1849,2021,1,3,SR,EWR,SNA,0
1850,2021,1,3,SR,EWR,DEN,0
1851,2021,1,3,WR,LGA,XNA,1
1852,2021,1,3,NR,JFK,MSY,1
1853,2021,1,3,SR,EWR,FLL,1
1854,2021,1,3,WCR,EWR,HOU,0
1855,2021,1,3,SR,EWR,LAX,0
1856,2021,1,3,SR,EWR,MCO,0
1857,2021,1,3,NR,JFK,SJU,0
1858,2021,1,3,SR,LGA,ORD,1
1859,2021,1,3,ER,JFK,MIA,0
1860,2021,1,3,ER,JFK,FLL,0
1861,2021,1,3,FL,LGA,MKE,0
1862,2021,1,3,ER,EWR,CVG,1
1863,2021,1,3,SR,EWR,RSW,0
1864,2021,1,3,NER,LGA,DTW,0
1865,2021,1,3,SR,JFK,SFO,0
1866,2021,1,3,NR,JFK,MCO,1
1867,2021,1,3,WR,EWR,ORD,1
1868,2021,1,3,SR,EWR,PBI,0
1869,2021,1,3,AS,EWR,SEA,0
1870,2021,1,3,NR,LGA,RSW,1
1871,2021,1,3,ER,EWR,DFW,0
1872,2021,1,3,VX,JFK,SFO,0
1873,2021,1,3,NR,JFK,ROC,0
1874,2021,1,3,NER,EWR,ATL,0
1875,2021,1,3,ER,JFK,LAX,0
1876,2021,1,3,SR,EWR,IAH,0
1877,2021,1,3,NR,JFK,SYR,0
1878,2021,1,3,NER,JFK,SEA,0
1879,2021,1,3,SR,LGA,IAH,1
1880,2021,1,3,ER,EWR,ATL,0
1881,2021,1,3,SR,EWR,TPA,0
1882,2021,1,3,ER,JFK,SFO,0
1883,2021,1,3,NR,JFK,SFO,0
1884,2021,1,3,NR,LGA,TPA,1
1885,2021,1,3,SR,EWR,ORD,0
1886,2021,1,3,9E,JFK,PIT,0
1887,2021,1,3,9E,EWR,CVG,0
1888,2021,1,3,NER,LGA,MSP,0
1889,2021,1,3,NER,LGA,ATL,0
1890,2021,1,3,ER,EWR,MSP,0
1891,2021,1,3,NR,EWR,MCO,0
1892,2021,1,3,SR,EWR,SJU,0
1893,2021,1,3,NER,JFK,MIA,0
1894,2021,1,3,WCR,LGA,DEN,0
1895,2021,1,3,SR,JFK,SFO,0
1896,2021,1,3,SR,EWR,DFW,0
1897,2021,1,3,9E,JFK,MSP,0
1898,2021,1,3,NR,JFK,FLL,0
1899,2021,1,3,NER,JFK,FLL,0
1900,2021,1,3,WCR,EWR,PHX,0
1901,2021,1,3,CR,LGA,CLT,1
1902,2021,1,3,ER,EWR,OMA,0
1903,2021,1,3,WR,JFK,RDU,0
1904,2021,1,3,SR,LGA,DEN,0
1905,2021,1,3,NR,JFK,SRQ,1
1906,2021,1,3,FL,LGA,ATL,0
1907,2021,1,3,NR,EWR,BOS,0
1908,2021,1,3,ER,JFK,BOS,0
1909,2021,1,3,ER,JFK,STT,0
1910,2021,1,3,NER,JFK,MCO,0
1911,2021,1,3,NER,JFK,TPA,0
1912,2021,1,3,NR,JFK,PIT,0
1913,2021,1,3,NER,LGA,TPA,0
1914,2021,1,3,NER,JFK,ATL,0
1915,2021,1,3,NER,JFK,LAS,0
1916,2021,1,3,WR,LGA,CMH,0
1917,2021,1,3,CR,EWR,CLT,0
1918,2021,1,3,9E,JFK,ORD,0
1919,2021,1,3,NER,LGA,DEN,0
1920,2021,1,3,ER,EWR,MHT,1
1921,2021,1,3,WR,LGA,BNA,0
1922,2021,1,3,WR,JFK,DCA,0
1923,2021,1,3,CR,JFK,CLT,0
1924,2021,1,3,ER,EWR,MEM,1
1925,2021,1,3,9E,JFK,RDU,1
1926,2021,1,3,ER,EWR,GSO,0
1927,2021,1,3,SR,JFK,LAX,0
1928,2021,1,3,NR,JFK,ORD,0
1929,2021,1,3,NER,LGA,PBI,0
1930,2021,1,3,SR,EWR,FLL,0
1931,2021,1,3,NER,JFK,SJU,0
1932,2021,1,3,SR,EWR,MCO,0
1933,2021,1,3,ER,EWR,JAX,1
1934,2021,1,3,ER,EWR,GRR,0
1935,2021,1,3,ER,EWR,MYR,0
1936,2021,1,3,WR,LGA,ATL,0
1937,2021,1,3,ER,EWR,RDU,0
1938,2021,1,3,SCR,LGA,DEN,0
1939,2021,1,3,WCR,EWR,MDW,0
1940,2021,1,3,ER,EWR,RIC,0
1941,2021,1,3,9E,JFK,DCA,0
1942,2021,1,3,9E,JFK,BOS,0
1943,2021,1,3,NR,JFK,JAX,0
1944,2021,1,3,NR,JFK,SAN,1
1945,2021,1,3,SR,EWR,SFO,0
1946,2021,1,3,SR,EWR,BOS,0
1947,2021,1,3,NR,EWR,RSW,0
1948,2021,1,3,WR,LGA,CLE,0
1949,2021,1,3,NR,JFK,SJU,1
1950,2021,1,3,SR,EWR,SAN,0
1951,2021,1,3,NR,JFK,TPA,0
1952,2021,1,3,ER,EWR,XNA,1
1953,2021,1,3,ER,EWR,DTW,1
1954,2021,1,3,ER,EWR,IND,1
1955,2021,1,3,ER,EWR,PWM,1
1956,2021,1,3,ER,LGA,MIA,1
1957,2021,1,3,NER,EWR,DTW,0
1958,2021,1,3,9E,JFK,DTW,1
1959,2021,1,3,NER,LGA,ATL,0
1960,2021,1,3,CR,LGA,CLT,0
1961,2021,1,3,ER,LGA,ORD,1
1962,2021,1,3,ER,EWR,MCI,1
1963,2021,1,3,ER,JFK,LAX,0
1964,2021,1,3,NER,JFK,LAX,0
1965,2021,1,3,ER,EWR,CVG,0
1966,2021,1,3,ER,EWR,DAY,1
1967,2021,1,3,NER,EWR,ATL,0
1968,2021,1,3,NER,LGA,MCO,1
1969,2021,1,3,WR,LGA,DTW,0
1970,2021,1,3,VX,JFK,LAX,0
1971,2021,1,3,SR,EWR,DEN,0
1972,2021,1,3,9E,JFK,BWI,1
1973,2021,1,3,ER,JFK,MIA,0
1974,2021,1,3,SR,EWR,IAH,1
1975,2021,1,3,SR,EWR,TPA,1
1976,2021,1,3,NR,JFK,FLL,1
1977,2021,1,3,NR,JFK,IAD,0
1978,2021,1,3,SR,EWR,ORD,0
1979,2021,1,3,SR,EWR,LAS,0
1980,2021,1,3,SR,LGA,ORD,0
1981,2021,1,3,NER,LGA,DTW,0
1982,2021,1,3,NER,LGA,FLL,1
1983,2021,1,3,NR,JFK,ACR,1
1984,2021,1,3,ER,LGA,ORD,1
1985,2021,1,3,NR,JFK,MCO,0
1986,2021,1,3,SR,EWR,STT,0
1987,2021,1,3,NR,JFK,BTV,0
1988,2021,1,3,SR,EWR,PBI,1
1989,2021,1,3,SR,LGA,IAH,1
1990,2021,1,3,ER,LGA,DFW,1
1991,2021,1,3,NR,JFK,BOS,0
1992,2021,1,3,SR,EWR,CLE,0
1993,2021,1,3,HA,JFK,HNL,0
1994,2021,1,3,ER,EWR,DFW,0
1995,2021,1,3,NR,JFK,CLT,1
1996,2021,1,3,NR,JFK,RDU,0
1997,2021,1,3,ER,EWR,ATL,0
1998,2021,1,3,NR,LGA,FLL,0
1999,2021,1,3,WCR,EWR,DEN,1
2000,2021,1,3,NR,EWR,SJU,0
2001,2021,1,3,VX,JFK,LAS,0
2002,2021,1,3,WR,LGA,CLT,0
2003,2021,1,3,ER,EWR,STL,1
2004,2021,1,3,ER,EWR,DCA,0
2005,2021,1,3,NR,JFK,BUF,0
2006,2021,1,3,WCR,LGA,MDW,0
2007,2021,1,3,ER,JFK,SJU,1
2008,2021,1,3,SR,EWR,LAX,0
2009,2021,1,3,ER,LGA,MIA,1
2010,2021,1,3,NR,JFK,LAX,0
2011,2021,1,3,NR,JFK,PBI,1
2012,2021,1,3,ER,LGA,ORD,1
2013,2021,1,3,NR,LGA,PBI,1
2014,2021,1,3,WCR,LGA,MKE,0
2015,2021,1,3,NR,EWR,FLL,0
2016,2021,1,3,ER,JFK,IAD,0
2017,2021,1,3,9E,LGA,GRR,1
2018,2021,1,3,9E,JFK,PHL,0
2019,2021,1,3,WR,LGA,RDU,1
2020,2021,1,3,ER,LGA,IAD,0
2021,2021,1,3,WR,LGA,BNA,0
2022,2021,1,3,WR,LGA,ATL,1
2023,2021,1,3,SR,LGA,ORD,0
2024,2021,1,3,CR,JFK,PHX,0
2025,2021,1,3,NER,JFK,SFO,0
2026,2021,1,3,SR,EWR,EGE,0
2027,2021,1,3,CR,EWR,PHX,0
2028,2021,1,3,SR,EWR,MCO,0
2029,2021,1,3,NER,LGA,ATL,1
2030,2021,1,3,SR,EWR,FLL,0
2031,2021,1,3,NER,JFK,LAS,0
2032,2021,1,3,CR,LGA,CLT,0
2033,2021,1,3,SR,EWR,SEA,0
2034,2021,1,3,ER,LGA,STL,1
2035,2021,1,3,NR,JFK,PWM,1
2036,2021,1,3,WR,EWR,ORD,0
2037,2021,1,3,CR,JFK,CLT,0
2038,2021,1,3,SR,LGA,IAH,0
2039,2021,1,3,ER,LGA,ORD,1
2040,2021,1,3,ER,LGA,ORD,1
2041,2021,1,3,NER,LGA,SRQ,0
2042,2021,1,3,CR,EWR,CLT,0
2043,2021,1,3,9E,JFK,ROC,1
2044,2021,1,3,ER,LGA,MIA,1
2045,2021,1,3,FL,LGA,ATL,0
2046,2021,1,3,ER,EWR,DTW,0
2047,2021,1,3,ER,JFK,LAX,0
2048,2021,1,3,WR,LGA,RDU,0
2049,2021,1,3,ER,JFK,SFO,0
2050,2021,1,3,VX,JFK,SFO,0
2051,2021,1,3,NER,EWR,ATL,0
2052,2021,1,3,NER,LGA,MSP,0
2053,2021,1,3,NR,JFK,MCO,1
2054,2021,1,3,ER,EWR,MKE,0
2055,2021,1,3,NER,LGA,MEM,0
2056,2021,1,3,WR,LGA,DTW,0
2057,2021,1,3,NR,LGA,FLL,0
2058,2021,1,3,ER,EWR,BUF,0
2059,2021,1,3,ER,EWR,RDU,0
2060,2021,1,3,SR,EWR,IAH,1
2061,2021,1,3,SR,EWR,RSW,0
2062,2021,1,3,SR,EWR,LAS,0
2063,2021,1,3,NR,EWR,PBI,0
2064,2021,1,3,NER,LGA,ATL,0
2065,2021,1,3,CR,LGA,BOS,0
2066,2021,1,3,NER,JFK,SLC,0
2067,2021,1,3,WR,JFK,DCA,0
2068,2021,1,3,SR,EWR,SFO,0
2069,2021,1,3,SR,JFK,SFO,0
2070,2021,1,3,CR,LGA,DCA,0
2071,2021,1,3,NR,JFK,SFO,0
2072,2021,1,3,WCR,LGA,BWI,0
2073,2021,1,3,WR,LGA,CMH,0
2074,2021,1,3,ER,LGA,MIA,0
2075,2021,1,3,ER,LGA,DFW,1
2076,2021,1,3,SR,EWR,PBI,0
2077,2021,1,3,ER,EWR,MCI,0
2078,2021,1,3,SR,LGA,DEN,0
2079,2021,1,3,NER,JFK,SJU,0
2080,2021,1,3,VX,JFK,LAX,0
2081,2021,1,3,NER,JFK,MCO,0
2082,2021,1,3,SR,EWR,MCO,0
2083,2021,1,3,SR,EWR,DEN,0
2084,2021,1,3,CR,LGA,CLT,0
2085,2021,1,3,SR,JFK,LAX,0
2086,2021,1,3,NR,JFK,RSW,1
2087,2021,1,3,NER,LGA,DTW,0
2088,2021,1,3,WR,LGA,CLE,0
2089,2021,1,3,WCR,LGA,STL,0
2090,2021,1,3,NER,LGA,MSP,0
2091,2021,1,3,NER,LGA,MIA,1
2092,2021,1,3,ER,EWR,MIA,0
2093,2021,1,3,NER,LGA,PBI,0
2094,2021,1,3,NR,JFK,BTV,1
2095,2021,1,3,NER,LGA,TPA,0
2096,2021,1,3,WR,LGA,MSP,0
2097,2021,1,3,9E,JFK,BOS,0
2098,2021,1,3,NER,EWR,ATL,0
2099,2021,1,3,SR,EWR,TPA,0
2100,2021,1,3,FL,LGA,CAK,0
2101,2021,1,3,ER,JFK,LAX,0
2102,2021,1,3,NR,EWR,BOS,0
2103,2021,1,3,ER,EWR,JAX,0
2104,2021,1,3,VX,JFK,SFO,0
2105,2021,1,3,WR,JFK,DCA,0
2106,2021,1,3,WR,LGA,ATL,0
2107,2021,1,3,SR,EWR,IAH,0
2108,2021,1,3,NR,EWR,MCO,1
2109,2021,1,3,NR,JFK,HOU,1
2110,2021,1,3,WR,LGA,BNA,0
2111,2021,1,3,NER,LGA,FLL,1
2112,2021,1,3,WCR,EWR,STL,1
2113,2021,1,3,WR,LGA,RDU,0
2114,2021,1,3,NR,JFK,FLL,1
2115,2021,1,3,CR,JFK,CLT,0
2116,2021,1,3,ER,EWR,RDU,1
2117,2021,1,3,ER,LGA,DFW,0
2118,2021,1,3,ER,EWR,PWM,0
2119,2021,1,3,NR,JFK,LAX,0
2120,2021,1,3,WR,EWR,ORD,0
2121,2021,1,3,NER,LGA,ATL,1
2122,2021,1,3,SR,EWR,PHX,0
2123,2021,1,3,WCR,EWR,MDW,0
2124,2021,1,3,SR,EWR,SJU,1
2125,2021,1,3,ER,EWR,BTV,1
2126,2021,1,3,NR,JFK,BUF,0
2127,2021,1,3,ER,EWR,CLT,0
2128,2021,1,3,NER,JFK,SLC,0
2129,2021,1,3,WR,JFK,RDU,0
2130,2021,1,3,NER,JFK,LAX,1
2131,2021,1,3,WCR,EWR,BWI,0
2132,2021,1,3,ER,JFK,MIA,0
2133,2021,1,3,ER,EWR,DFW,1
2134,2021,1,3,WCR,LGA,MKE,0
2135,2021,1,3,ER,JFK,BOS,0
2136,2021,1,3,NER,LGA,DTW,0
2137,2021,1,3,NER,LGA,MCO,0
2138,2021,1,3,ER,LGA,MIA,0
2139,2021,1,3,SR,LGA,IAH,0
2140,2021,1,3,ER,EWR,DTW,0
2141,2021,1,3,9E,JFK,PHL,0
2142,2021,1,3,WR,LGA,CMH,0
2143,2021,1,3,9E,EWR,CVG,0
2144,2021,1,3,ER,LGA,ORD,0
2145,2021,1,3,SR,EWR,DFW,0
2146,2021,1,3,ER,EWR,RIC,0
2147,2021,1,3,NR,JFK,BOS,0
2148,2021,1,3,ER,EWR,ATL,0
2149,2021,1,3,NR,JFK,PBI,0
2150,2021,1,3,ER,EWR,CMH,1
2151,2021,1,3,NR,JFK,ROC,0
2152,2021,1,3,WCR,LGA,DEN,0
2153,2021,1,3,SR,EWR,MCO,0
2154,2021,1,3,FL,LGA,ATL,0
2155,2021,1,3,WCR,EWR,HOU,0
2156,2021,1,3,SR,EWR,ORD,0
2157,2021,1,3,WR,LGA,DTW,0
2158,2021,1,3,SR,EWR,BOS,0
2159,2021,1,3,CR,LGA,CLT,0
2160,2021,1,3,ER,EWR,DCA,0
2161,2021,1,3,SR,EWR,MIA,1
2162,2021,1,3,NR,JFK,TPA,1
2163,2021,1,3,NER,LGA,ATL,0
2164,2021,1,3,CR,EWR,CLT,0
2165,2021,1,3,ER,EWR,DAY,1
2166,2021,1,3,NR,LGA,MCO,0
2167,2021,1,3,NR,JFK,LGB,0
2168,2021,1,3,ER,EWR,ATL,1
2169,2021,1,3,ER,EWR,BNER,0
2170,2021,1,3,WR,LGA,RDU,0
2171,2021,1,3,ER,EWR,STL,1
2172,2021,1,3,ER,LGA,PIT,1
2173,2021,1,3,ER,EWR,MEM,1
2174,2021,1,3,VX,JFK,LAX,0
2175,2021,1,3,SR,EWR,LAX,0
2176,2021,1,3,WCR,EWR,PHX,0
2177,2021,1,3,ER,LGA,DFW,1
2178,2021,1,3,ER,LGA,DFW,0
2179,2021,1,3,NR,EWR,FLL,1
2180,2021,1,3,NR,JFK,BUR,0
2181,2021,1,3,NR,EWR,MCO,0
2182,2021,1,3,ER,EWR,IAD,1
2183,2021,1,3,ER,JFK,LAX,0
2184,2021,1,3,NR,LGA,SRQ,1
2185,2021,1,3,CR,EWR,PHX,0
2186,2021,1,3,SR,EWR,IAH,0
2187,2021,1,3,WCR,LGA,MDW,0
2188,2021,1,3,NR,JFK,PWM,0
2189,2021,1,3,ER,JFK,IAD,0
2190,2021,1,3,ER,LGA,MIA,0
2191,2021,1,3,NR,JFK,SJU,1
2192,2021,1,3,WR,LGA,CLT,0
2193,2021,1,3,NR,JFK,MCO,1
2194,2021,1,3,ER,EWR,BWI,1
2195,2021,1,3,NER,LGA,ATL,0
2196,2021,1,3,NR,JFK,SEA,0
2197,2021,1,3,FL,LGA,ATL,0
2198,2021,1,3,ER,EWR,BUF,1
2199,2021,1,3,SR,EWR,FLL,1
2200,2021,1,3,NER,EWR,ATL,0
2201,2021,1,3,ER,EWR,MSN,1
2202,2021,1,3,SR,EWR,ORD,0
2203,2021,1,3,WR,EWR,ORD,0
2204,2021,1,3,SR,EWR,PBI,0
2205,2021,1,3,ER,EWR,CHS,1
2206,2021,1,3,NR,JFK,BOS,0
2207,2021,1,3,SR,EWR,HNL,1
2208,2021,1,3,WR,LGA,CLE,1
2209,2021,1,3,ER,EWR,CVG,1
2210,2021,1,3,SR,JFK,SFO,0
2211,2021,1,3,SR,EWR,TPA,0
2212,2021,1,3,WR,LGA,MSP,0
2213,2021,1,3,YV,LGA,IAD,0
2214,2021,1,3,ER,EWR,DFW,0
2215,2021,1,3,NER,LGA,PBI,0
2216,2021,1,3,NER,LGA,MCI,0
2217,2021,1,3,NR,JFK,SRQ,0
2218,2021,1,3,NER,LGA,MSP,0
2219,2021,1,3,NR,LGA,PBI,0
2220,2021,1,3,ER,EWR,STL,0
2221,2021,1,3,CR,LGA,CLT,0
2222,2021,1,3,NR,JFK,JAX,1
2223,2021,1,3,SR,EWR,MIA,0
2224,2021,1,3,ER,EWR,MCI,0
2225,2021,1,3,ER,EWR,MHT,1
2226,2021,1,3,WR,LGA,ATL,1
2227,2021,1,3,WR,JFK,CLE,0
2228,2021,1,3,SR,EWR,DEN,0
2229,2021,1,3,9E,EWR,MSP,1
2230,2021,1,3,9E,JFK,BOS,0
2231,2021,1,3,WR,JFK,RDU,0
2232,2021,1,3,SR,EWR,BOS,0
2233,2021,1,3,CR,LGA,BOS,0
2234,2021,1,3,ER,EWR,DCA,0
2235,2021,1,3,CR,LGA,DCA,0
2236,2021,1,3,ER,JFK,MIA,0
2237,2021,1,3,NER,LGA,DTW,0
2238,2021,1,3,NR,JFK,PIT,0
2239,2021,1,3,NER,JFK,SFO,1
2240,2021,1,3,SR,EWR,RSW,0
2241,2021,1,3,ER,LGA,ORD,0
2242,2021,1,3,NER,JFK,LAX,0
2243,2021,1,3,WR,LGA,CMH,0
2244,2021,1,3,SR,EWR,FLL,1
2245,2021,1,3,ER,EWR,CLT,0
2246,2021,1,3,NR,LGA,FLL,0
2247,2021,1,3,SR,LGA,IAH,0
2248,2021,1,3,ER,EWR,PWM,0
2249,2021,1,3,NR,JFK,BUF,0
2250,2021,1,3,CR,EWR,CLT,0
2251,2021,1,3,9E,JFK,ORF,1
2252,2021,1,3,ER,EWR,IAD,0
2253,2021,1,3,NER,LGA,ATL,0
2254,2021,1,3,SR,EWR,SFO,0
2255,2021,1,3,9E,JFK,BUF,1
2256,2021,1,3,NER,LGA,FLL,1
2257,2021,1,3,WR,LGA,RDU,1
2258,2021,1,3,NR,JFK,FLL,1
2259,2021,1,3,SR,EWR,SFO,1
2260,2021,1,3,SR,LGA,DEN,0
2261,2021,1,3,SR,EWR,ACR,1
2262,2021,1,3,ER,EWR,JAX,0
2263,2021,1,3,WR,JFK,PIT,0
2264,2021,1,3,SR,LGA,ORD,0
2265,2021,1,3,NR,JFK,PBI,1
2266,2021,1,3,ER,JFK,MCO,1
2267,2021,1,3,WR,JFK,IND,0
2268,2021,1,3,SR,EWR,ORD,0
2269,2021,1,3,9E,JFK,DCA,0
2270,2021,1,3,NER,LGA,MIA,0
2271,2021,1,3,ER,LGA,DFW,1
2272,2021,1,3,WR,LGA,CLT,0
2273,2021,1,3,WR,JFK,CMH,0
2274,2021,1,3,ER,EWR,BNA,0
2275,2021,1,3,NR,JFK,TPA,1
2276,2021,1,3,WCR,LGA,MKE,0
2277,2021,1,3,SR,EWR,MCO,1
2278,2021,1,3,ER,EWR,MKE,0
2279,2021,1,3,NR,EWR,TPA,1
2280,2021,1,3,ER,LGA,STL,0
2281,2021,1,3,SR,EWR,LAX,1
2282,2021,1,3,WR,LGA,XNA,0
2283,2021,1,3,ER,EWR,GRR,0
2284,2021,1,3,CR,LGA,CLT,0
2285,2021,1,3,ER,EWR,DTW,1
2286,2021,1,3,ER,JFK,FLL,0
2287,2021,1,3,WCR,EWR,MDW,0
2288,2021,1,3,SR,EWR,FLL,0
2289,2021,1,3,NR,JFK,MCO,1
2290,2021,1,3,ER,LGA,MIA,1
2291,2021,1,3,9E,LGA,RIC,0
2292,2021,1,3,NR,JFK,RSW,0
2293,2021,1,3,SR,EWR,IAH,1
2294,2021,1,3,ER,EWR,ORF,1
2295,2021,1,3,9E,JFK,ORD,0
2296,2021,1,3,NER,EWR,ATL,0
2297,2021,1,3,9E,JFK,ROC,1
2298,2021,1,3,ER,JFK,LAX,0
2299,2021,1,3,NR,JFK,ORD,0
2300,2021,1,3,9E,JFK,BWI,0
2301,2021,1,3,SR,JFK,LAX,0
2302,2021,1,3,NR,JFK,SJU,0
2303,2021,1,3,ER,EWR,GSP,1
2304,2021,1,3,SR,LGA,CLE,0
2305,2021,1,3,9E,JFK,IAD,1
2306,2021,1,3,NR,JFK,MSY,1
2307,2021,1,3,9E,JFK,IND,0
2308,2021,1,3,YV,LGA,IAD,0
2309,2021,1,3,WR,JFK,CVG,0
2310,2021,1,3,NR,EWR,FLL,0
2311,2021,1,3,ER,JFK,DFW,0
2312,2021,1,3,NER,JFK,MIA,0
2313,2021,1,3,NER,JFK,DTW,0
2314,2021,1,3,SR,EWR,BOS,0
2315,2021,1,3,ER,EWR,SDF,0
2316,2021,1,3,9E,JFK,MSP,0
2317,2021,1,3,WR,LGA,RDU,0
2318,2021,1,3,NER,LGA,ATL,0
2319,2021,1,3,SR,EWR,ORD,0
2320,2021,1,3,NER,JFK,DEN,0
2321,2021,1,3,SR,EWR,SAN,0
2322,2021,1,3,SR,EWR,LAS,0
2323,2021,1,3,NER,JFK,MCO,0
2324,2021,1,3,NER,JFK,ATL,1
2325,2021,1,3,FL,LGA,ATL,1
2326,2021,1,3,NER,JFK,LAS,0
2327,2021,1,3,NER,JFK,RSW,0
2328,2021,1,3,WCR,EWR,DEN,0
2329,2021,1,3,ER,EWR,CVG,1
2330,2021,1,3,ER,LGA,ORD,0
2331,2021,1,3,NR,JFK,MCO,0
2332,2021,1,3,NR,JFK,SYR,1
2333,2021,1,3,9E,JFK,DFW,0
2334,2021,1,3,NER,LGA,MCO,1
2335,2021,1,3,NR,LGA,TPA,1
2336,2021,1,3,WR,JFK,DCA,1
2337,2021,1,3,CR,JFK,PHX,0
2338,2021,1,3,ER,EWR,MEM,0
2339,2021,1,3,NER,JFK,ATL,1
2340,2021,1,3,WR,LGA,ATL,0
2341,2021,1,3,ER,EWR,GSO,0
2342,2021,1,3,9E,JFK,PHL,0
2343,2021,1,3,NR,JFK,LAX,0
2344,2021,1,3,NER,JFK,SLC,1
2345,2021,1,3,NER,LGA,DTW,0
2346,2021,1,3,SR,EWR,SAT,0
2347,2021,1,3,WR,EWR,ORD,0
2348,2021,1,3,NER,LGA,TPA,1
2349,2021,1,3,SR,EWR,MCO,0
2350,2021,1,3,CR,EWR,PHX,0
2351,2021,1,3,9E,JFK,RDU,1
2352,2021,1,3,NER,LGA,MSP,1
2353,2021,1,3,WCR,LGA,STL,0
2354,2021,1,3,ER,EWR,DAY,1
2355,2021,1,3,ER,EWR,DTW,0
2356,2021,1,3,9E,EWR,CVG,0
2357,2021,1,3,SR,EWR,CLE,0
2358,2021,1,3,NR,JFK,RSW,0
2359,2021,1,3,ER,LGA,DFW,0
2360,2021,1,3,ER,LGA,DFW,1
2361,2021,1,3,ER,JFK,BOS,0
2362,2021,1,3,WR,LGA,BNA,1
2363,2021,1,3,VX,JFK,SFO,0
2364,2021,1,3,ER,EWR,RDU,1
2365,2021,1,3,ER,EWR,ATL,1
2366,2021,1,3,NER,JFK,ACR,0
2367,2021,1,3,SR,EWR,LAS,0
2368,2021,1,3,NR,JFK,SAN,0
2369,2021,1,3,WR,JFK,ORF,0
2370,2021,1,3,NER,LGA,MEM,0
2371,2021,1,3,ER,EWR,SAV,1
2372,2021,1,3,NR,JFK,FLL,0
2373,2021,1,3,NER,EWR,ATL,0
2374,2021,1,3,WCR,EWR,STL,0
2375,2021,1,3,9E,JFK,BOS,1
2376,2021,1,3,NER,JFK,SFO,0
2377,2021,1,3,WR,LGA,DTW,1
2378,2021,1,3,NER,JFK,LAX,0
2379,2021,1,3,SR,LGA,ORD,0
2380,2021,1,3,ER,JFK,LAS,0
2381,2021,1,3,NER,JFK,SJU,0
2382,2021,1,3,NER,LGA,ATL,0
2383,2021,1,3,ER,EWR,DFW,1
2384,2021,1,3,WCR,EWR,HOU,0
2385,2021,1,3,CR,LGA,CLT,0
2386,2021,1,3,NR,JFK,SJU,0
2387,2021,1,3,ER,JFK,ACR,1
2388,2021,1,3,WR,JFK,DCA,0
2389,2021,1,3,ER,EWR,BWI,0
2390,2021,1,3,NER,LGA,MCO,0
2391,2021,1,3,SR,EWR,BOS,0
2392,2021,1,3,SR,LGA,DEN,0
2393,2021,1,3,ER,LGA,MIA,1
2394,2021,1,3,NR,JFK,PBI,1
2395,2021,1,3,ER,EWR,STL,0
2396,2021,1,3,SR,LGA,IAH,0
2397,2021,1,3,NER,JFK,SAN,0
2398,2021,1,3,ER,EWR,ALB,1
2399,2021,1,3,NR,JFK,TPA,0
2400,2021,1,3,NER,LGA,FLL,0
2401,2021,1,3,FL,LGA,ATL,0
2402,2021,1,3,ER,JFK,LAX,1
2403,2021,1,3,ER,EWR,MIA,0
2404,2021,1,3,VX,JFK,LAX,1
2405,2021,1,3,CR,EWR,CLT,0
2406,2021,1,3,ER,JFK,MIA,0
2407,2021,1,3,SR,JFK,SFO,0
2408,2021,1,3,ER,LGA,PIT,1
2409,2021,1,3,NR,EWR,BOS,1
2410,2021,1,3,ER,EWR,PIT,0
2411,2021,1,3,SR,EWR,SFO,1
2412,2021,1,3,WR,LGA,RDU,0
2413,2021,1,3,ER,JFK,SAN,0
2414,2021,1,3,SR,EWR,IAH,0
2415,2021,1,3,SR,EWR,TPA,0
2416,2021,1,3,SR,EWR,ORD,1
2417,2021,1,3,ER,EWR,DCA,1
2418,2021,1,3,NR,JFK,PHX,0
2419,2021,1,3,NER,EWR,SLC,0
2420,2021,1,3,ER,LGA,ORD,0
2421,2021,1,3,ER,JFK,ORD,1
2422,2021,1,3,WR,LGA,XNA,0
2423,2021,1,3,SR,EWR,MCO,1
2424,2021,1,3,NER,LGA,DTW,0
2425,2021,1,3,NR,JFK,BTV,0
2426,2021,1,3,NR,EWR,PBI,0
2427,2021,1,3,ER,EWR,CVG,1
2428,2021,1,3,ER,EWR,DCA,1
2429,2021,1,3,WCR,EWR,MDW,0
2430,2021,1,3,SR,JFK,LAX,0
2431,2021,1,3,NR,LGA,MCO,0
2432,2021,1,3,SR,EWR,LAX,1
2433,2021,1,3,ER,LGA,DFW,0
2434,2021,1,3,NER,JFK,PDX,0
2435,2021,1,3,SR,LGA,ORD,0
2436,2021,1,3,NER,LGA,ATL,0
2437,2021,1,3,SR,EWR,FLL,0
2438,2021,1,3,ER,EWR,RIC,1
2439,2021,1,3,ER,JFK,SJU,1
2440,2021,1,3,NR,JFK,FLL,0
2441,2021,1,3,NR,JFK,RDU,0
2442,2021,1,3,WR,LGA,CMH,0
2443,2021,1,3,ER,EWR,MCI,0
2444,2021,1,3,NR,JFK,CLT,1
2445,2021,1,3,ER,EWR,DTW,1
2446,2021,1,3,ER,LGA,MIA,0
2447,2021,1,3,WCR,LGA,MDW,1
2448,2021,1,3,SR,EWR,CLE,0
2449,2021,1,3,SR,EWR,SEA,1
2450,2021,1,3,NR,JFK,LGB,0
2451,2021,1,3,WCR,LGA,BWI,0
2452,2021,1,3,SR,EWR,PBI,0
2453,2021,1,3,9E,JFK,ORF,0
2454,2021,1,3,SR,EWR,LAS,0
2455,2021,1,3,NR,JFK,BOS,0
2456,2021,1,3,NER,LGA,MSP,0
2457,2021,1,3,CR,JFK,CLT,0
2458,2021,1,3,NR,JFK,SJC,0
2459,2021,1,3,SR,EWR,PDX,1
2460,2021,1,3,ER,EWR,MSP,0
2461,2021,1,3,SR,EWR,ORD,1
2462,2021,1,3,AS,EWR,SEA,0
2463,2021,1,3,ER,EWR,LAX,0
2464,2021,1,3,SR,EWR,BOS,0
2465,2021,1,3,ER,EWR,DTW,0
2466,2021,1,3,NER,EWR,ATL,0
2467,2021,1,3,WR,LGA,CLE,0
2468,2021,1,3,ER,JFK,SFO,1
2469,2021,1,3,SR,EWR,SAN,1
2470,2021,1,3,CR,EWR,CLT,0
2471,2021,1,3,9E,JFK,MSP,0
2472,2021,1,3,SR,EWR,SNA,0
2473,2021,1,3,SR,EWR,DEN,0
2474,2021,1,3,WCR,EWR,BWI,0
2475,2021,1,3,NR,JFK,BUR,0
2476,2021,1,3,SR,EWR,LAX,0
2477,2021,1,3,ER,JFK,SEA,0
2478,2021,1,3,WR,EWR,ORD,0
2479,2021,1,3,ER,EWR,MSP,1
2480,2021,1,3,9E,JFK,DTW,1
2481,2021,1,3,ER,JFK,EGE,1
2482,2021,1,3,ER,LGA,STL,0
2483,2021,1,3,NR,JFK,MCO,1
2484,2021,1,3,ER,EWR,CAE,1
2485,2021,1,3,NER,JFK,MIA,0
2486,2021,1,3,NR,EWR,MCO,1
2487,2021,1,3,WR,LGA,MSP,0
2488,2021,1,3,WR,LGA,BNA,1
2489,2021,1,3,ER,JFK,SJU,0
2490,2021,1,3,NER,JFK,ATL,0
2491,2021,1,3,WR,JFK,BNA,1
2492,2021,1,3,ER,EWR,PWM,1
2493,2021,1,3,SR,EWR,DFW,1
2494,2021,1,3,ER,LGA,BHM,0
2495,2021,1,3,ER,JFK,SFO,1
2496,2021,1,3,NER,JFK,TPA,0
2497,2021,1,3,FL,LGA,ATL,0
2498,2021,1,3,NER,LGA,PIT,0
2499,2021,1,3,CR,LGA,DCA,0
2500,2021,1,3,CR,LGA,CLT,0
2501,2021,1,3,ER,JFK,IAD,0
2502,2021,1,3,NR,JFK,SMF,0
2503,2021,1,3,NER,LGA,ATL,0
2504,2021,1,3,WCR,LGA,MKE,0
2505,2021,1,3,NER,JFK,SFO,0
2506,2021,1,3,NR,JFK,LAS,0
2507,2021,1,3,NER,JFK,LAX,0
2508,2021,1,3,ER,EWR,CLT,0
2509,2021,1,3,ER,EWR,RIC,0
2510,2021,1,3,WR,LGA,RDU,0
2511,2021,1,3,ER,EWR,DFW,0
2512,2021,1,3,SR,EWR,SAN,0
2513,2021,1,3,ER,EWR,OMA,0
2514,2021,1,3,ER,JFK,LAX,0
2515,2021,1,3,NR,JFK,IAD,1
2516,2021,1,3,NER,JFK,LAS,0
2517,2021,1,3,VX,JFK,SFO,1
2518,2021,1,3,SR,JFK,SFO,1
2519,2021,1,3,ER,LGA,ORD,0
2520,2021,1,3,ER,EWR,BNA,0
2521,2021,1,3,NER,JFK,FLL,0
2522,2021,1,3,SR,EWR,ORD,1
2523,2021,1,3,NER,JFK,PHX,0
2524,2021,1,3,NER,JFK,SLC,0
2525,2021,1,3,NER,LGA,MCO,0
2526,2021,1,3,9E,JFK,PIT,1
2527,2021,1,3,NER,LGA,MIA,0
2528,2021,1,3,9E,JFK,RIC,1
2529,2021,1,3,SR,EWR,SFO,1
2530,2021,1,3,NER,LGA,TPA,0
2531,2021,1,3,NER,LGA,MSY,0
2532,2021,1,3,NER,JFK,SEA,1
2533,2021,1,3,ER,LGA,ORD,1
2534,2021,1,3,SCR,LGA,DEN,1
2535,2021,1,3,9E,JFK,MSY,1
2536,2021,1,3,9E,JFK,IAD,0
2537,2021,1,3,SR,EWR,IAH,0
2538,2021,1,3,ER,EWR,DSM,1
2539,2021,1,3,9E,JFK,RDU,1
2540,2021,1,3,9E,JFK,BWI,0
2541,2021,1,3,ER,EWR,CVG,0
2542,2021,1,3,SR,EWR,PHX,1
2543,2021,1,3,SR,EWR,SJU,1
2544,2021,1,3,ER,EWR,OKC,1
2545,2021,1,3,NER,LGA,FLL,1
2546,2021,1,3,NER,JFK,MCO,1
2547,2021,1,3,NR,JFK,MCO,1
2548,2021,1,3,NR,JFK,OAK,1
2549,2021,1,3,WR,JFK,RDU,0
2550,2021,1,3,ER,JFK,TPA,1
2551,2021,1,3,WR,JFK,CMH,0
2552,2021,1,3,9E,JFK,JAX,0
2553,2021,1,3,ER,LGA,MIA,0
2554,2021,1,3,NR,LGA,FLL,1
2555,2021,1,3,NR,JFK,SFO,0
2556,2021,1,3,NER,LGA,ATL,0
2557,2021,1,3,SR,EWR,TPA,0
2558,2021,1,3,SR,EWR,CLE,0
2559,2021,1,3,9E,JFK,CLT,1
2560,2021,1,3,9E,JFK,CLE,1
2561,2021,1,3,NER,JFK,BOS,0
2562,2021,1,3,WR,JFK,BWI,1
2563,2021,1,3,SR,LGA,ORD,0
2564,2021,1,3,SR,EWR,RSW,0
2565,2021,1,3,ER,EWR,MKE,0
2566,2021,1,3,NER,LGA,PBI,1
2567,2021,1,3,WR,LGA,CRW,1
2568,2021,1,3,NR,JFK,SLC,1
2569,2021,1,3,NER,JFK,FLL,1
2570,2021,1,3,ER,EWR,BUF,1
2571,2021,1,3,NR,LGA,PBI,1
2572,2021,1,3,ER,EWR,DCA,1
2573,2021,1,3,ER,EWR,TUL,1
2574,2021,1,3,9E,JFK,ORD,1
2575,2021,1,3,ER,JFK,BOS,0
2576,2021,1,3,WR,LGA,CMH,0
2577,2021,1,3,VX,JFK,LAX,1
2578,2021,1,3,9E,LGA,TYS,1
2579,2021,1,3,FL,LGA,CAK,0
2580,2021,1,3,NER,LGA,DTW,1
2581,2021,1,3,SR,JFK,LAX,0
2582,2021,1,3,ER,EWR,TYS,1
2583,2021,1,3,NR,JFK,PDX,0
2584,2021,1,3,WR,LGA,ATL,1
2585,2021,1,3,9E,JFK,PHL,0
2586,2021,1,3,ER,EWR,ALB,0
2587,2021,1,3,ER,EWR,IAD,1
2588,2021,1,3,ER,EWR,GRR,1
2589,2021,1,3,SR,EWR,PBI,0
2590,2021,1,3,SR,EWR,BOS,0
2591,2021,1,3,ER,LGA,DFW,1
2592,2021,1,3,NR,JFK,MSY,0
2593,2021,1,3,NR,JFK,FLL,1
2594,2021,1,3,ER,EWR,MSP,0
2595,2021,1,3,ER,EWR,GSP,1
2596,2021,1,3,SR,EWR,FLL,0
2597,2021,1,3,SR,LGA,IAH,1
2598,2021,1,3,SR,EWR,MIA,1
2599,2021,1,3,ER,LGA,ORD,0
2600,2021,1,3,NR,JFK,BOS,0
2601,2021,1,3,NR,JFK,JAX,0
2602,2021,1,3,SR,EWR,IAH,0
2603,2021,1,3,NR,JFK,PBI,1
2604,2021,1,3,WCR,EWR,MDW,1
2605,2021,1,3,WR,LGA,DTW,0
2606,2021,1,3,SR,EWR,MCO,1
2607,2021,1,3,WR,EWR,ORD,0
2608,2021,1,3,9E,JFK,BNA,1
2609,2021,1,3,NR,EWR,MCO,1
2610,2021,1,3,NR,JFK,ACR,1
2611,2021,1,3,WCR,LGA,MDW,0
2612,2021,1,3,ER,EWR,GSO,1
2613,2021,1,3,ER,LGA,CLE,1
2614,2021,1,3,ER,EWR,MHT,0
2615,2021,1,3,NR,JFK,LAX,1
2616,2021,1,3,ER,EWR,SDF,0
2617,2021,1,3,ER,EWR,RIC,0
2618,2021,1,3,SR,EWR,DFW,1
2619,2021,1,3,WR,LGA,RDU,0
2620,2021,1,3,WR,LGA,CLT,0
2621,2021,1,3,NR,JFK,RSW,1
2622,2021,1,3,9E,JFK,BUF,1
2623,2021,1,3,NR,LGA,MCO,1
2624,2021,1,3,NR,JFK,HOU,1
2625,2021,1,3,NR,JFK,BUF,1
2626,2021,1,3,NER,JFK,LAX,1
2627,2021,1,3,ER,LGA,IAD,1
2628,2021,1,3,WR,JFK,DCA,0
2629,2021,1,3,ER,EWR,PHL,0
2630,2021,1,3,SR,EWR,BQN,1
2631,2021,1,3,NR,EWR,MCO,1
2632,2021,1,3,NR,JFK,LAS,0
2633,2021,1,3,SR,EWR,BOS,0
2634,2021,1,3,ER,EWR,PVD,0
2635,2021,1,3,NR,LGA,FLL,0
2636,2021,1,3,ER,JFK,LAX,0
2637,2021,1,3,NR,JFK,TPA,0
2638,2021,1,3,NR,EWR,FLL,0
2639,2021,1,3,NR,JFK,SJU,1
2640,2021,1,3,NR,JFK,DEN,1
2641,2021,1,3,NR,JFK,MCO,0
2642,2021,1,3,ER,EWR,BTV,0
2643,2021,1,3,NR,JFK,FLL,0
2644,2021,1,3,ER,EWR,PWM,0
2645,2021,1,3,ER,EWR,BWI,0
2646,2021,1,3,WR,LGA,BNA,1
2647,2021,1,3,9E,JFK,DCA,1
2648,2021,1,3,NR,JFK,PBI,1
2649,2021,1,3,NR,JFK,SJU,0
2650,2021,1,3,NER,LGA,PWM,1
2651,2021,1,3,NR,JFK,BTV,0
2652,2021,1,3,NR,JFK,RDU,1
2653,2021,1,3,9E,JFK,CVG,1
2654,2021,1,3,NR,JFK,PWM,0
2655,2021,1,3,NR,JFK,SYR,0
2656,2021,1,3,NR,JFK,ROC,1
2657,2021,1,3,NR,JFK,BUF,1
2658,2021,1,3,NR,JFK,BOS,1
2659,2021,1,3,NR,JFK,PSE,0
2660,2021,1,4,NR,JFK,SJU,1
2661,2021,1,4,NR,JFK,PWM,1
2662,2021,1,4,CR,EWR,CLT,0
2663,2021,1,4,SR,EWR,IAH,0
2664,2021,1,4,SR,LGA,IAH,0
2665,2021,1,4,ER,JFK,MIA,0
2666,2021,1,4,NR,EWR,PBI,0
2667,2021,1,4,NER,LGA,DTW,0
2668,2021,1,4,NR,JFK,PBI,0
2669,2021,1,4,NER,LGA,ATL,0
2670,2021,1,4,NR,JFK,TPA,0
2671,2021,1,4,ER,EWR,DTW,0
2672,2021,1,4,NR,EWR,FLL,0
2673,2021,1,4,ER,JFK,IAD,0
2674,2021,1,4,NR,JFK,FLL,0
2675,2021,1,4,WR,LGA,ATL,0
2676,2021,1,4,CR,LGA,PHL,0
2677,2021,1,4,ER,EWR,MKE,0
2678,2021,1,4,NR,JFK,MCO,0
2679,2021,1,4,SR,JFK,SFO,0
2680,2021,1,4,WCR,EWR,BWI,0
2681,2021,1,4,WR,LGA,DTW,0
2682,2021,1,4,FL,LGA,ATL,0
2683,2021,1,4,WR,EWR,ORD,0
2684,2021,1,4,WCR,LGA,MDW,0
2685,2021,1,4,ER,LGA,IAD,0
2686,2021,1,4,ER,LGA,DFW,0
2687,2021,1,4,SR,EWR,BOS,0
2688,2021,1,4,SR,EWR,CLE,0
2689,2021,1,4,ER,EWR,MSP,0
2690,2021,1,4,ER,EWR,MIA,0
2691,2021,1,4,NR,JFK,RSW,0
2692,2021,1,4,ER,LGA,ORD,0
2693,2021,1,4,NER,LGA,MSP,0
2694,2021,1,4,SR,JFK,LAX,0
2695,2021,1,4,ER,LGA,MIA,0
2696,2021,1,4,NR,JFK,BQN,1
2697,2021,1,4,SR,EWR,MCO,0
2698,2021,1,4,ER,EWR,IAD,0
2699,2021,1,4,WR,LGA,RDU,0
2700,2021,1,4,NR,JFK,SJU,0
2701,2021,1,4,NER,EWR,ATL,0
2702,2021,1,4,SR,EWR,FLL,0
2703,2021,1,4,CR,JFK,CLT,0
2704,2021,1,4,9E,JFK,ATL,0
2705,2021,1,4,CR,EWR,CLT,0
2706,2021,1,4,SR,LGA,IAH,0
2707,2021,1,4,ER,EWR,CVG,0
2708,2021,1,4,WR,LGA,CLT,0
2709,2021,1,4,CR,EWR,PHX,0
2710,2021,1,4,WR,LGA,MSP,0
2711,2021,1,4,CR,LGA,CLT,0
2712,2021,1,4,ER,JFK,SJU,0
2713,2021,1,4,CR,JFK,PHX,0
2714,2021,1,4,ER,EWR,IND,0
2715,2021,1,4,ER,EWR,RDU,0
2716,2021,1,4,ER,EWR,CLT,0
2717,2021,1,4,WCR,LGA,BWI,0
2718,2021,1,4,ER,EWR,BNA,0
2719,2021,1,4,ER,EWR,PIT,0
2720,2021,1,4,SR,EWR,MIA,0
2721,2021,1,4,SR,EWR,PHX,0
2722,2021,1,4,SR,EWR,ACR,0
2723,2021,1,4,SR,EWR,PBI,0
2724,2021,1,4,NR,LGA,FLL,1
2725,2021,1,4,SR,EWR,SFO,0
2726,2021,1,4,ER,LGA,ORD,0
2727,2021,1,4,ER,EWR,SDF,0
2728,2021,1,4,ER,LGA,DFW,0
2729,2021,1,4,NER,LGA,MSY,0
2730,2021,1,4,CR,EWR,CLT,0
2731,2021,1,4,NR,JFK,BOS,0
2732,2021,1,4,NR,LGA,MCO,0
2733,2021,1,4,NR,JFK,BUF,0
2734,2021,1,4,SR,LGA,DEN,0
2735,2021,1,4,ER,EWR,DCA,0
2736,2021,1,4,SR,EWR,DFW,0
2737,2021,1,4,NER,JFK,SLC,0
2738,2021,1,4,NER,LGA,FLL,0
2739,2021,1,4,SR,LGA,ORD,0
2740,2021,1,4,NR,JFK,MSY,0
2741,2021,1,4,NER,LGA,ATL,0
2742,2021,1,4,ER,JFK,MCO,0
2743,2021,1,4,NR,JFK,LAS,0
2744,2021,1,4,NER,LGA,MIA,0
2745,2021,1,4,CR,LGA,DCA,0
2746,2021,1,4,VX,JFK,LAX,0
2747,2021,1,4,WCR,EWR,HOU,0
2748,2021,1,4,WR,LGA,XNA,0
2749,2021,1,4,SR,EWR,DEN,0
2750,2021,1,4,SR,EWR,LAS,0
2751,2021,1,4,SR,EWR,ORD,0
2752,2021,1,4,ER,EWR,MSY,0
2753,2021,1,4,ER,LGA,MIA,1
2754,2021,1,4,SR,EWR,MCO,0
2755,2021,1,4,SR,EWR,SNA,0
2756,2021,1,4,ER,EWR,CMH,1
2757,2021,1,4,SR,JFK,SFO,0
2758,2021,1,4,WR,EWR,ORD,1
2759,2021,1,4,SR,EWR,RSW,0
2760,2021,1,4,ER,JFK,MIA,0
2761,2021,1,4,ER,JFK,FLL,0
2762,2021,1,4,NER,LGA,DTW,0
2763,2021,1,4,SR,EWR,PBI,0
2764,2021,1,4,NER,JFK,LAX,0
2765,2021,1,4,NR,JFK,FLL,1
2766,2021,1,4,FL,LGA,MKE,0
2767,2021,1,4,NER,JFK,SFO,1
2768,2021,1,4,NR,JFK,LAX,1
2769,2021,1,4,NR,JFK,MCO,1
2770,2021,1,4,NR,JFK,SJU,0
2771,2021,1,4,ER,LGA,DFW,0
2772,2021,1,4,ER,EWR,DFW,0
2773,2021,1,4,AS,EWR,SEA,0
2774,2021,1,4,SR,EWR,LAX,1
2775,2021,1,4,VX,JFK,SFO,0
2776,2021,1,4,ER,JFK,LAX,0
2777,2021,1,4,NER,EWR,ATL,0
2778,2021,1,4,NR,JFK,SYR,0
2779,2021,1,4,NR,JFK,ROC,0
2780,2021,1,4,NER,LGA,MCO,1
2781,2021,1,4,NR,JFK,SFO,0
2782,2021,1,4,NER,JFK,SEA,0
2783,2021,1,4,SR,EWR,TPA,0
2784,2021,1,4,ER,LGA,ORD,1
2785,2021,1,4,NR,LGA,RSW,0
2786,2021,1,4,NR,JFK,SRQ,0
2787,2021,1,4,SR,EWR,ORD,0
2788,2021,1,4,9E,EWR,CVG,0
2789,2021,1,4,NR,LGA,TPA,1
2790,2021,1,4,ER,JFK,SFO,0
2791,2021,1,4,9E,JFK,PIT,0
2792,2021,1,4,NER,LGA,MSP,0
2793,2021,1,4,SR,EWR,SJU,0
2794,2021,1,4,ER,LGA,ORD,0
2795,2021,1,4,ER,EWR,PWM,0
2796,2021,1,4,ER,LGA,MIA,0
2797,2021,1,4,NER,LGA,ATL,0
2798,2021,1,4,WCR,LGA,DEN,0
2799,2021,1,4,SR,EWR,IAH,0
2800,2021,1,4,NER,JFK,MIA,0
2801,2021,1,4,SR,EWR,DFW,0
2802,2021,1,4,ER,EWR,MSP,0
2803,2021,1,4,NR,EWR,BOS,0
2804,2021,1,4,NER,JFK,FLL,0
2805,2021,1,4,SR,JFK,SFO,0
2806,2021,1,4,ER,EWR,MHT,0
2807,2021,1,4,NR,EWR,MCO,0
2808,2021,1,4,ER,EWR,DTW,1
2809,2021,1,4,CR,LGA,CLT,0
2810,2021,1,4,WCR,EWR,PHX,0
2811,2021,1,4,9E,JFK,MSP,0
2812,2021,1,4,WR,JFK,RDU,0
2813,2021,1,4,SR,LGA,DEN,0
2814,2021,1,4,ER,EWR,MEM,0
2815,2021,1,4,NR,JFK,FLL,1
2816,2021,1,4,NER,JFK,LAS,0
2817,2021,1,4,NER,JFK,MCO,0
2818,2021,1,4,NER,JFK,TPA,0
2819,2021,1,4,WR,LGA,CMH,0
2820,2021,1,4,FL,LGA,ATL,0
2821,2021,1,4,SR,LGA,IAH,1
2822,2021,1,4,CR,EWR,CLT,0
2823,2021,1,4,9E,JFK,ORD,0
2824,2021,1,4,ER,JFK,BOS,0
2825,2021,1,4,ER,EWR,OMA,0
2826,2021,1,4,ER,JFK,STT,1
2827,2021,1,4,NR,JFK,CLT,1
2828,2021,1,4,9E,JFK,BUF,0
2829,2021,1,4,NER,LGA,TPA,0
2830,2021,1,4,WR,LGA,BNA,0
2831,2021,1,4,ER,EWR,DAY,0
2832,2021,1,4,NER,LGA,DEN,0
2833,2021,1,4,NR,JFK,SAN,0
2834,2021,1,4,NR,JFK,SJU,0
2835,2021,1,4,ER,EWR,MYR,0
2836,2021,1,4,NER,LGA,PBI,0
2837,2021,1,4,WR,JFK,DCA,0
2838,2021,1,4,ER,EWR,GRR,0
2839,2021,1,4,CR,JFK,CLT,0
2840,2021,1,4,9E,JFK,BWI,0
2841,2021,1,4,NER,JFK,SJU,1
2842,2021,1,4,SR,EWR,FLL,0
2843,2021,1,4,SR,EWR,SFO,0
2844,2021,1,4,9E,JFK,RDU,0
2845,2021,1,4,NR,JFK,PIT,1
2846,2021,1,4,WR,LGA,RDU,0
2847,2021,1,4,NER,JFK,ATL,1
2848,2021,1,4,NR,JFK,JAX,1
2849,2021,1,4,WCR,EWR,MDW,0
2850,2021,1,4,SCR,LGA,DEN,0
2851,2021,1,4,SR,JFK,LAX,0
2852,2021,1,4,ER,EWR,JAX,0
2853,2021,1,4,WR,LGA,ATL,0
2854,2021,1,4,SR,EWR,BOS,0
2855,2021,1,4,9E,JFK,BOS,0
2856,2021,1,4,ER,LGA,ORD,1
2857,2021,1,4,ER,EWR,BTV,1
2858,2021,1,4,NR,EWR,RSW,0
2859,2021,1,4,ER,JFK,SJU,0
2860,2021,1,4,WR,LGA,CLE,0
2861,2021,1,4,SR,EWR,SAN,0
2862,2021,1,4,NR,JFK,ORD,1
2863,2021,1,4,ER,EWR,RIC,0
2864,2021,1,4,ER,EWR,ORF,0
2865,2021,1,4,WR,LGA,DTW,0
2866,2021,1,4,ER,EWR,DTW,0
2867,2021,1,4,CR,LGA,CLT,0
2868,2021,1,4,ER,LGA,STL,1
2869,2021,1,4,NER,LGA,MCO,0
2870,2021,1,4,SR,EWR,ORD,0
2871,2021,1,4,ER,EWR,MCI,0
2872,2021,1,4,ER,LGA,DFW,1
2873,2021,1,4,NER,EWR,ATL,0
2874,2021,1,4,NER,LGA,ATL,0
2875,2021,1,4,VX,JFK,LAX,0
2876,2021,1,4,SR,EWR,MIA,0
2877,2021,1,4,SR,EWR,TPA,0
2878,2021,1,4,ER,JFK,LAX,0
2879,2021,1,4,ER,JFK,MIA,1
2880,2021,1,4,NER,JFK,LAX,0
2881,2021,1,4,NER,LGA,DTW,0
2882,2021,1,4,SR,EWR,IAH,0
2883,2021,1,4,HA,JFK,HNL,0
2884,2021,1,4,NER,LGA,FLL,0
2885,2021,1,4,SR,EWR,LAS,0
2886,2021,1,4,SR,LGA,IAH,0
2887,2021,1,4,ER,EWR,XNA,0
2888,2021,1,4,SR,EWR,DEN,0
2889,2021,1,4,NR,JFK,IAD,0
2890,2021,1,4,SR,EWR,CLE,0
2891,2021,1,4,SR,LGA,ORD,0
2892,2021,1,4,NR,JFK,TPA,1
2893,2021,1,4,NR,JFK,FLL,1
2894,2021,1,4,SR,EWR,PBI,0
2895,2021,1,4,NR,JFK,MCO,1
2896,2021,1,4,SR,EWR,STT,0
2897,2021,1,4,ER,EWR,DFW,0
2898,2021,1,4,SR,EWR,LAX,0
2899,2021,1,4,NR,JFK,BTV,0
2900,2021,1,4,WR,LGA,CLT,0
2901,2021,1,4,NR,LGA,FLL,0
2902,2021,1,4,NR,JFK,ACR,1
2903,2021,1,4,9E,JFK,ROC,0
2904,2021,1,4,VX,JFK,LAS,0
2905,2021,1,4,ER,EWR,DCA,0
2906,2021,1,4,NR,JFK,BOS,0
2907,2021,1,4,ER,LGA,MIA,0
2908,2021,1,4,NR,EWR,SJU,0
2909,2021,1,4,NR,LGA,PBI,0
2910,2021,1,4,ER,EWR,CVG,1
2911,2021,1,4,NR,JFK,BUF,0
2912,2021,1,4,NR,JFK,PBI,0
2913,2021,1,4,WCR,LGA,MDW,0
2914,2021,1,4,9E,LGA,GRR,0
2915,2021,1,4,ER,EWR,DTW,1
2916,2021,1,4,WCR,LGA,MKE,0
2917,2021,1,4,9E,JFK,PHL,0
2918,2021,1,4,ER,EWR,RDU,1
2919,2021,1,4,ER,LGA,ORD,0
2920,2021,1,4,WCR,EWR,DEN,1
2921,2021,1,4,SR,EWR,MCO,1
2922,2021,1,4,NR,EWR,FLL,0
2923,2021,1,4,SR,LGA,ORD,0
2924,2021,1,4,ER,JFK,IAD,0
2925,2021,1,4,WR,LGA,BNA,0
2926,2021,1,4,NER,JFK,SFO,0
2927,2021,1,4,NR,JFK,RDU,1
2928,2021,1,4,NER,LGA,ATL,0
2929,2021,1,4,SR,EWR,FLL,0
2930,2021,1,4,CR,EWR,PHX,0
2931,2021,1,4,CR,JFK,PHX,0
2932,2021,1,4,NER,JFK,LAS,0
2933,2021,1,4,CR,LGA,CLT,0
2934,2021,1,4,SR,EWR,SEA,0
2935,2021,1,4,SR,EWR,EGE,0
2936,2021,1,4,NR,JFK,LAX,1
2937,2021,1,4,ER,EWR,IND,0
2938,2021,1,4,ER,EWR,STL,1
2939,2021,1,4,SR,LGA,IAH,0
2940,2021,1,4,NER,LGA,MSP,0
2941,2021,1,4,WR,EWR,ORD,0
2942,2021,1,4,ER,EWR,ATL,1
2943,2021,1,4,CR,JFK,CLT,0
2944,2021,1,4,CR,EWR,CLT,0
2945,2021,1,4,NER,LGA,SRQ,0
2946,2021,1,4,NR,JFK,PWM,1
2947,2021,1,4,9E,EWR,DTW,0
2948,2021,1,4,ER,LGA,DFW,0
2949,2021,1,4,WR,LGA,RDU,0
2950,2021,1,4,FL,LGA,ATL,0
2951,2021,1,4,VX,JFK,SFO,0
2952,2021,1,4,NER,EWR,ATL,0
2953,2021,1,4,ER,JFK,LAX,0
2954,2021,1,4,ER,EWR,IAD,0
2955,2021,1,4,ER,JFK,SFO,0
2956,2021,1,4,SR,EWR,MCO,1
2957,2021,1,4,ER,EWR,CHS,0
2958,2021,1,4,NR,EWR,PBI,0
2959,2021,1,4,ER,EWR,BUF,0
2960,2021,1,4,ER,EWR,MKE,0
2961,2021,1,4,NER,LGA,MEM,0
2962,2021,1,4,ER,LGA,IAD,1
2963,2021,1,4,NR,JFK,MCO,0
2964,2021,1,4,NR,LGA,FLL,0
2965,2021,1,4,ER,EWR,RDU,0
2966,2021,1,4,SR,EWR,IAH,0
2967,2021,1,4,SR,EWR,LAS,0
2968,2021,1,4,NER,LGA,MIA,0
2969,2021,1,4,SR,JFK,SFO,0
2970,2021,1,4,SR,EWR,RSW,0
2971,2021,1,4,NER,JFK,SLC,0
2972,2021,1,4,WR,JFK,DCA,0
2973,2021,1,4,CR,LGA,BOS,0
2974,2021,1,4,NR,JFK,SFO,0
2975,2021,1,4,CR,LGA,DCA,0
2976,2021,1,4,ER,LGA,DFW,0
2977,2021,1,4,WR,LGA,ATL,1
2978,2021,1,4,SR,EWR,SFO,0
2979,2021,1,4,NER,LGA,ATL,0
2980,2021,1,4,SR,EWR,PBI,0
2981,2021,1,4,WR,LGA,DTW,0
2982,2021,1,4,ER,LGA,MIA,0
2983,2021,1,4,ER,LGA,PIT,0
2984,2021,1,4,WCR,LGA,BWI,0
2985,2021,1,4,WR,LGA,CMH,0
2986,2021,1,4,NER,LGA,DTW,0
2987,2021,1,4,9E,JFK,DTW,1
2988,2021,1,4,NR,JFK,BTV,0
2989,2021,1,4,SR,LGA,DEN,0
2990,2021,1,4,SR,JFK,LAX,0
2991,2021,1,4,NER,JFK,SJU,0
2992,2021,1,4,WR,LGA,CLE,0
2993,2021,1,4,NER,JFK,MCO,0
2994,2021,1,4,SR,EWR,TPA,0
2995,2021,1,4,CR,LGA,CLT,0
2996,2021,1,4,ER,EWR,RDU,0
2997,2021,1,4,NER,LGA,MSP,0
2998,2021,1,4,SR,EWR,DEN,0
2999,2021,1,4,NR,JFK,FLL,0
3000,2021,1,4,VX,JFK,LAX,0
3001,2021,1,4,ER,EWR,MIA,0
3002,2021,1,4,SR,EWR,MCO,0
3003,2021,1,4,SR,EWR,SJU,0
3004,2021,1,4,ER,LGA,ORD,0
3005,2021,1,4,NER,LGA,FLL,0
3006,2021,1,4,NER,LGA,PBI,0
3007,2021,1,4,NER,LGA,TPA,0
3008,2021,1,4,NER,EWR,ATL,0
3009,2021,1,4,WCR,LGA,STL,1
3010,2021,1,4,ER,EWR,BTV,0
3011,2021,1,4,WCR,EWR,STL,0
3012,2021,1,4,WR,LGA,MSP,0
3013,2021,1,4,NR,EWR,BOS,0
3014,2021,1,4,WR,JFK,DCA,0
3015,2021,1,4,ER,EWR,GSO,1
3016,2021,1,4,NR,EWR,MCO,0
3017,2021,1,4,NER,JFK,LAX,0
3018,2021,1,4,CR,JFK,CLT,0
3019,2021,1,4,FL,LGA,CAK,0
3020,2021,1,4,SR,EWR,IAH,0
3021,2021,1,4,ER,JFK,LAX,0
3022,2021,1,4,NER,LGA,ATL,0
3023,2021,1,4,ER,LGA,DFW,0
3024,2021,1,4,WR,LGA,RDU,0
3025,2021,1,4,NR,JFK,HOU,0
3026,2021,1,4,VX,JFK,SFO,0
3027,2021,1,4,ER,EWR,ATL,0
3028,2021,1,4,NR,JFK,RSW,1
3029,2021,1,4,WR,EWR,ORD,0
3030,2021,1,4,ER,LGA,STL,0
3031,2021,1,4,SR,EWR,SFO,0
3032,2021,1,4,NR,JFK,LAX,0
3033,2021,1,4,SR,EWR,PHX,0
3034,2021,1,4,ER,EWR,PWM,0
3035,2021,1,4,NR,JFK,TPA,0
3036,2021,1,4,ER,EWR,PIT,0
3037,2021,1,4,NER,JFK,SLC,0
3038,2021,1,4,WCR,EWR,MDW,0
3039,2021,1,4,SR,EWR,MIA,0
3040,2021,1,4,WCR,EWR,BWI,0
3041,2021,1,4,ER,EWR,JAX,1
3042,2021,1,4,ER,JFK,BOS,0
3043,2021,1,4,WCR,LGA,MKE,0
3044,2021,1,4,ER,EWR,PHL,1
3045,2021,1,4,ER,LGA,MIA,0
3046,2021,1,4,NER,LGA,MCO,0
3047,2021,1,4,NER,LGA,DTW,0
3048,2021,1,4,WR,LGA,CMH,0
3049,2021,1,4,WR,LGA,BNA,1
3050,2021,1,4,SR,LGA,IAH,0
3051,2021,1,4,WR,JFK,RDU,1
3052,2021,1,4,ER,EWR,ATL,0
3053,2021,1,4,NR,JFK,PBI,0
3054,2021,1,4,WCR,LGA,DEN,0
3055,2021,1,4,SR,EWR,MCO,0
3056,2021,1,4,ER,LGA,ORD,0
3057,2021,1,4,SR,EWR,ORD,0
3058,2021,1,4,NR,JFK,BOS,0
3059,2021,1,4,NER,LGA,ATL,0
3060,2021,1,4,SR,EWR,BOS,0
3061,2021,1,4,SR,EWR,DFW,0
3062,2021,1,4,CR,LGA,CLT,0
3063,2021,1,4,WR,LGA,ATL,1
3064,2021,1,4,NR,JFK,LGB,0
3065,2021,1,4,ER,EWR,DAY,1
3066,2021,1,4,9E,EWR,DTW,0
3067,2021,1,4,ER,LGA,ORD,1
3068,2021,1,4,ER,EWR,RIC,0
3069,2021,1,4,FL,LGA,ATL,0
3070,2021,1,4,SR,EWR,MSY,0
3071,2021,1,4,ER,EWR,DCA,0
3072,2021,1,4,CR,EWR,CLT,0
3073,2021,1,4,WR,LGA,DTW,0
3074,2021,1,4,NR,EWR,FLL,0
3075,2021,1,4,9E,JFK,BOS,1
3076,2021,1,4,NR,JFK,ROC,1
3077,2021,1,4,SR,EWR,LAX,0
3078,2021,1,4,NR,JFK,BUF,1
3079,2021,1,4,WCR,EWR,HOU,1
3080,2021,1,4,WR,LGA,RDU,0
3081,2021,1,4,ER,EWR,BUF,1
3082,2021,1,4,NR,LGA,SRQ,0
3083,2021,1,4,NER,JFK,ATL,0
3084,2021,1,4,ER,EWR,MEM,0
3085,2021,1,4,NR,JFK,BUR,0
3086,2021,1,4,VX,JFK,LAX,0
3087,2021,1,4,WCR,EWR,PHX,0
3088,2021,1,4,NR,LGA,MCO,1
3089,2021,1,4,ER,JFK,LAX,0
3090,2021,1,4,NR,EWR,MCO,0
3091,2021,1,4,ER,EWR,BWI,0
3092,2021,1,4,ER,LGA,DFW,0
3093,2021,1,4,ER,EWR,CLT,1
3094,2021,1,4,SR,EWR,HNL,0
3095,2021,1,4,SR,EWR,IAH,0
3096,2021,1,4,CR,EWR,PHX,0
3097,2021,1,4,ER,EWR,MSN,0
3098,2021,1,4,WR,LGA,CLT,0
3099,2021,1,4,9E,JFK,PHL,1
3100,2021,1,4,ER,EWR,CHS,0
3101,2021,1,4,NER,LGA,FLL,0
3102,2021,1,4,WCR,LGA,MDW,0
3103,2021,1,4,ER,JFK,MIA,1
3104,2021,1,4,ER,LGA,MIA,0
3105,2021,1,4,NER,LGA,ATL,0
3106,2021,1,4,SR,EWR,PBI,0
3107,2021,1,4,NR,JFK,JAX,1
3108,2021,1,4,ER,EWR,IAD,1
3109,2021,1,4,WR,LGA,CLE,0
3110,2021,1,4,FL,LGA,ATL,0
3111,2021,1,4,NR,JFK,MCO,1
3112,2021,1,4,NR,JFK,SJU,1
3113,2021,1,4,SR,EWR,FLL,0
3114,2021,1,4,NR,JFK,SEA,1
3115,2021,1,4,ER,EWR,CVG,0
3116,2021,1,4,SR,EWR,ORD,0
3117,2021,1,4,ER,EWR,MSP,0
3118,2021,1,4,WR,EWR,ORD,0
3119,2021,1,4,SR,JFK,SFO,0
3120,2021,1,4,NER,LGA,MSY,1
3121,2021,1,4,NER,LGA,MSP,0
3122,2021,1,4,NR,JFK,PWM,1
3123,2021,1,4,NER,LGA,PBI,0
3124,2021,1,4,SR,EWR,TPA,0
3125,2021,1,4,ER,EWR,DFW,1
3126,2021,1,4,YV,LGA,IAD,0
3127,2021,1,4,NER,LGA,MCI,0
3128,2021,1,4,ER,EWR,DCA,0
3129,2021,1,4,NER,JFK,SFO,0
3130,2021,1,4,SR,EWR,RSW,0
3131,2021,1,4,SR,EWR,ACR,0
3132,2021,1,4,SR,EWR,BOS,0
3133,2021,1,4,CR,LGA,CLT,0
3134,2021,1,4,NER,EWR,ATL,1
3135,2021,1,4,WR,LGA,ATL,0
3136,2021,1,4,ER,EWR,GSP,0
3137,2021,1,4,9E,JFK,BOS,0
3138,2021,1,4,ER,EWR,STL,0
3139,2021,1,4,9E,JFK,ORF,0
3140,2021,1,4,ER,JFK,MCO,0
3141,2021,1,4,NR,JFK,SRQ,0
3142,2021,1,4,NER,LGA,DTW,0
3143,2021,1,4,WR,JFK,CLE,0
3144,2021,1,4,ER,EWR,MCI,0
3145,2021,1,4,WR,JFK,RDU,0
3146,2021,1,4,SR,LGA,IAH,0
3147,2021,1,4,NR,JFK,FLL,0
3148,2021,1,4,NR,JFK,PIT,0
3149,2021,1,4,SR,EWR,MIA,1
3150,2021,1,4,ER,LGA,ORD,0
3151,2021,1,4,CR,LGA,DCA,0
3152,2021,1,4,NR,JFK,BOS,1
3153,2021,1,4,CR,LGA,BOS,0
3154,2021,1,4,NR,JFK,PBI,0
3155,2021,1,4,NER,LGA,ATL,0
3156,2021,1,4,ER,EWR,MHT,1
3157,2021,1,4,9E,JFK,DCA,0
3158,2021,1,4,NER,JFK,LAX,0
3159,2021,1,4,9E,EWR,CVG,1
3160,2021,1,4,CR,EWR,CLT,0
3161,2021,1,4,ER,EWR,PWM,0
3162,2021,1,4,ER,LGA,DFW,0
3163,2021,1,4,NR,JFK,BUF,0
3164,2021,1,4,WR,LGA,MSP,1
3165,2021,1,4,NR,JFK,TPA,0
3166,2021,1,4,NR,LGA,PBI,1
3167,2021,1,4,ER,EWR,CLT,0
3168,2021,1,4,9E,JFK,BUF,0
3169,2021,1,4,WR,JFK,IND,0
3170,2021,1,4,SR,LGA,ORD,0
3171,2021,1,4,SR,LGA,DEN,0
3172,2021,1,4,SR,EWR,ORD,0
3173,2021,1,4,ER,LGA,MIA,0
3174,2021,1,4,ER,EWR,RDU,0
3175,2021,1,4,ER,JFK,MIA,0
3176,2021,1,4,WR,JFK,PIT,0
3177,2021,1,4,WR,LGA,RDU,0
3178,2021,1,4,WR,LGA,CMH,1
3179,2021,1,4,NR,EWR,TPA,0
3180,2021,1,4,ER,EWR,BNER,1
3181,2021,1,4,NER,LGA,MIA,0
3182,2021,1,4,9E,LGA,RIC,0
3183,2021,1,4,9E,JFK,IAD,0
3184,2021,1,4,SR,EWR,MCO,0
3185,2021,1,4,WR,LGA,XNA,0
3186,2021,1,4,SR,EWR,IAH,0
3187,2021,1,4,WR,JFK,CMH,0
3188,2021,1,4,SR,EWR,LAX,1
3189,2021,1,4,WR,JFK,DCA,0
3190,2021,1,4,CR,LGA,CLT,0
3191,2021,1,4,SR,EWR,SFO,1
3192,2021,1,4,ER,EWR,BNA,0
3193,2021,1,4,ER,JFK,FLL,1
3194,2021,1,4,WCR,EWR,MDW,0
3195,2021,1,4,ER,EWR,CVG,0
3196,2021,1,4,ER,EWR,JAX,1
3197,2021,1,4,ER,EWR,ORF,0
3198,2021,1,4,ER,LGA,DFW,0
3199,2021,1,4,NR,LGA,FLL,1
3200,2021,1,4,SR,EWR,DEN,1
3201,2021,1,4,ER,EWR,MSP,0
3202,2021,1,4,NR,JFK,RSW,0
3203,2021,1,4,9E,JFK,BWI,0
3204,2021,1,4,NR,JFK,MCO,1
3205,2021,1,4,NER,LGA,MCO,0
3206,2021,1,4,9E,JFK,ORD,0
3207,2021,1,4,SR,EWR,FLL,0
3208,2021,1,4,NER,EWR,ATL,0
3209,2021,1,4,NER,JFK,FLL,0
3210,2021,1,4,NER,JFK,ATL,0
3211,2021,1,4,NER,JFK,SLC,0
3212,2021,1,4,SR,JFK,LAX,0
3213,2021,1,4,SR,LGA,CLE,0
3214,2021,1,4,WCR,LGA,MKE,1
3215,2021,1,4,SR,EWR,BOS,0
3216,2021,1,4,NER,LGA,TPA,0
3217,2021,1,4,WR,JFK,CVG,0
3218,2021,1,4,WR,LGA,CLT,1
3219,2021,1,4,9E,JFK,IND,0
3220,2021,1,4,SR,EWR,ORD,0
3221,2021,1,4,9E,JFK,ROC,1
3222,2021,1,4,NER,JFK,DTW,0
3223,2021,1,4,ER,EWR,GRR,1
3224,2021,1,4,ER,JFK,SJU,0
3225,2021,1,4,NER,JFK,MCO,0
3226,2021,1,4,SR,EWR,FLL,1
3227,2021,1,4,NR,EWR,FLL,0
3228,2021,1,4,FL,LGA,ATL,0
3229,2021,1,4,WR,LGA,RDU,0
3230,2021,1,4,NR,JFK,SYR,0
3231,2021,1,4,NER,JFK,RSW,0
3232,2021,1,4,NER,LGA,ATL,0
3233,2021,1,4,9E,JFK,BNA,0
3234,2021,1,4,ER,JFK,IAD,1
3235,2021,1,4,NER,JFK,MIA,0
3236,2021,1,4,ER,EWR,SDF,0
3237,2021,1,4,ER,LGA,PIT,0
3238,2021,1,4,ER,LGA,MIA,0
3239,2021,1,4,WCR,EWR,DEN,0
3240,2021,1,4,SR,EWR,LAS,0
3241,2021,1,4,NER,JFK,LAS,0
3242,2021,1,4,NR,LGA,PBI,1
3243,2021,1,4,NER,LGA,MSP,0
3244,2021,1,4,ER,EWR,DAY,0
3245,2021,1,4,NER,JFK,DEN,0
3246,2021,1,4,ER,EWR,ALB,0
3247,2021,1,4,WR,LGA,BNA,1
3248,2021,1,4,NR,JFK,ORD,1
3249,2021,1,4,NER,LGA,DTW,0
3250,2021,1,4,9E,JFK,MSP,1
3251,2021,1,4,WR,LGA,ATL,0
3252,2021,1,4,CR,JFK,PHX,0
3253,2021,1,4,ER,JFK,SFO,1
3254,2021,1,4,SR,EWR,MCO,0
3255,2021,1,4,ER,LGA,ORD,0
3256,2021,1,4,SR,EWR,SAN,1
3257,2021,1,4,ER,JFK,DFW,1
3258,2021,1,4,NR,JFK,LAX,0
3259,2021,1,4,9E,JFK,BOS,1
3260,2021,1,4,CR,EWR,PHX,0
3261,2021,1,4,WR,LGA,DTW,0
3262,2021,1,4,WR,EWR,ORD,0
3263,2021,1,4,SR,EWR,IAH,0
3264,2021,1,4,VX,JFK,SFO,0
3265,2021,1,4,SR,EWR,SAT,0
3266,2021,1,4,9E,EWR,CVG,0
3267,2021,1,4,NR,LGA,TPA,1
3268,2021,1,4,NER,LGA,MEM,0
3269,2021,1,4,ER,EWR,DTW,0
3270,2021,1,4,ER,LGA,DFW,0
3271,2021,1,4,9E,JFK,DFW,1
3272,2021,1,4,9E,JFK,RDU,1
3273,2021,1,4,ER,JFK,LAX,0
3274,2021,1,4,SR,EWR,CLE,0
3275,2021,1,4,ER,JFK,BOS,0
3276,2021,1,4,NR,JFK,SAN,0
3277,2021,1,4,9E,JFK,PHL,1
3278,2021,1,4,NR,JFK,MCO,1
3279,2021,1,4,NR,EWR,BOS,0
3280,2021,1,4,NR,JFK,MSY,1
3281,2021,1,4,SR,EWR,LAS,0
3282,2021,1,4,NER,JFK,ACR,0
3283,2021,1,4,WCR,LGA,STL,1
3284,2021,1,4,NER,LGA,ATL,0
3285,2021,1,4,NER,JFK,SJU,0
3286,2021,1,4,WR,JFK,ORF,0
3287,2021,1,4,ER,JFK,LAS,0
3288,2021,1,4,NER,JFK,LAX,0
3289,2021,1,4,ER,EWR,MKE,1
3290,2021,1,4,NER,JFK,SFO,0
3291,2021,1,4,SR,LGA,IAH,0
3292,2021,1,4,WCR,EWR,HOU,0
3293,2021,1,4,WR,JFK,DCA,0
3294,2021,1,4,NER,EWR,ATL,0
3295,2021,1,4,SR,EWR,ORD,0
3296,2021,1,4,ER,JFK,LAX,1
3297,2021,1,4,ER,EWR,DFW,0
3298,2021,1,4,CR,LGA,CLT,0
3299,2021,1,4,ER,JFK,ACR,0
3300,2021,1,4,NR,JFK,PBI,1
3301,2021,1,4,WCR,EWR,STL,1
3302,2021,1,4,NR,JFK,RSW,1
3303,2021,1,4,SR,EWR,LAX,0
3304,2021,1,4,NER,JFK,SAN,0
3305,2021,1,4,NER,LGA,MCO,0
3306,2021,1,4,ER,EWR,GSO,1
3307,2021,1,4,SR,LGA,DEN,0
3308,2021,1,4,NR,JFK,SJU,0
3309,2021,1,4,VX,JFK,LAX,1
3310,2021,1,4,WR,LGA,RDU,0
3311,2021,1,4,ER,JFK,ORD,0
3312,2021,1,4,SR,EWR,BOS,0
3313,2021,1,4,NR,JFK,FLL,1
3314,2021,1,4,NR,JFK,SJU,1
3315,2021,1,4,WR,JFK,BNA,0
3316,2021,1,4,ER,EWR,CVG,0
3317,2021,1,4,SR,JFK,SFO,0
3318,2021,1,4,FL,LGA,ATL,0
3319,2021,1,4,NER,EWR,SLC,0
3320,2021,1,4,SR,EWR,MCO,0
3321,2021,1,4,NR,JFK,BTV,0
3322,2021,1,4,CR,EWR,CLT,0
3323,2021,1,4,ER,EWR,RDU,1
3324,2021,1,4,ER,EWR,STL,1
3325,2021,1,4,ER,EWR,ATL,1
3326,2021,1,4,YV,LGA,IAD,1
3327,2021,1,4,ER,EWR,BWI,1
3328,2021,1,4,ER,EWR,DCA,1
3329,2021,1,4,NR,JFK,TPA,0
3330,2021,1,4,ER,JFK,MIA,0
3331,2021,1,4,ER,EWR,MEM,1
3332,2021,1,4,NER,LGA,DTW,0
3333,2021,1,4,SR,EWR,IAH,0
3334,2021,1,4,ER,JFK,SAN,0
3335,2021,1,4,NR,JFK,CLT,1
3336,2021,1,4,NER,LGA,FLL,1
3337,2021,1,4,ER,LGA,DFW,0
3338,2021,1,4,ER,EWR,MIA,1
3339,2021,1,4,NR,LGA,MCO,0
3340,2021,1,4,NER,JFK,PDX,0
3341,2021,1,4,WCR,EWR,MDW,0
3342,2021,1,4,SR,EWR,TPA,0
3343,2021,1,4,NR,JFK,IAD,0
3344,2021,1,4,NR,JFK,BOS,0
3345,2021,1,4,NR,JFK,FLL,0
3346,2021,1,4,SR,EWR,SEA,1
3347,2021,1,4,SR,EWR,PDX,1
3348,2021,1,4,SR,JFK,LAX,0
3349,2021,1,4,WCR,LGA,MDW,0
3350,2021,1,4,NR,JFK,MCO,0
3351,2021,1,4,NER,LGA,ATL,0
3352,2021,1,4,CR,JFK,CLT,1
3353,2021,1,4,NR,EWR,PBI,1
3354,2021,1,4,WR,LGA,BNA,0
3355,2021,1,4,SR,EWR,CLE,0
3356,2021,1,4,SR,LGA,ORD,1
3357,2021,1,4,NER,LGA,MSP,0
3358,2021,1,4,SR,EWR,DFW,0
3359,2021,1,4,9E,JFK,ORF,0
3360,2021,1,4,AS,EWR,SEA,0
3361,2021,1,4,NR,EWR,MCO,1
3362,2021,1,4,NR,JFK,LGB,0
3363,2021,1,4,9E,JFK,RIC,0
3364,2021,1,4,WCR,LGA,BWI,1
3365,2021,1,4,ER,EWR,MSP,0
3366,2021,1,4,ER,LGA,MIA,0
3367,2021,1,4,SR,EWR,FLL,0
3368,2021,1,4,SR,LGA,ORD,0
3369,2021,1,4,SR,EWR,SFO,1
3370,2021,1,4,SR,EWR,SAN,0
3371,2021,1,4,ER,EWR,DCA,1
3372,2021,1,4,ER,LGA,ORD,1
3373,2021,1,4,NR,JFK,SJC,0
3374,2021,1,4,ER,EWR,DTW,1
3375,2021,1,4,9E,JFK,DTW,1
3376,2021,1,4,ER,EWR,LAX,0
3377,2021,1,4,ER,LGA,ORD,0
3378,2021,1,4,SR,EWR,LAS,0
3379,2021,1,4,ER,EWR,RIC,1
3380,2021,1,4,WR,LGA,CLE,0
3381,2021,1,4,CR,EWR,CLT,0
3382,2021,1,4,NR,JFK,RDU,1
3383,2021,1,4,ER,EWR,MCI,1
3384,2021,1,4,WR,JFK,BWI,0
3385,2021,1,4,SR,EWR,SNA,0
3386,2021,1,4,ER,EWR,PHL,1
3387,2021,1,4,ER,JFK,SEA,0
3388,2021,1,4,SR,JFK,SFO,0
3389,2021,1,4,SR,EWR,LAX,0
3390,2021,1,4,SCR,LGA,DEN,1
3391,2021,1,4,NER,JFK,SEA,0
3392,2021,1,4,NER,EWR,ATL,1
3393,2021,1,4,WCR,EWR,BWI,1
3394,2021,1,4,SR,EWR,PBI,1
3395,2021,1,4,WR,LGA,CRW,0
3396,2021,1,4,WR,LGA,CMH,1
3397,2021,1,4,SR,EWR,BOS,1
3398,2021,1,4,ER,LGA,STL,0
3399,2021,1,4,WR,EWR,ORD,0
3400,2021,1,4,NER,JFK,MIA,0
3401,2021,1,4,NER,JFK,MCO,0
3402,2021,1,4,SR,EWR,DEN,1
3403,2021,1,4,ER,EWR,PWM,1
3404,2021,1,4,NER,LGA,DTW,0
3405,2021,1,4,NER,JFK,TPA,0
3406,2021,1,4,ER,JFK,SJU,0
3407,2021,1,4,NR,JFK,BUR,1
3408,2021,1,4,ER,EWR,PIT,1
3409,2021,1,4,CR,LGA,CLT,0
3410,2021,1,4,ER,LGA,BHM,0
3411,2021,1,4,WR,LGA,MSP,1
3412,2021,1,4,ER,JFK,IAD,0
3413,2021,1,4,NER,LGA,ATL,0
3414,2021,1,4,NR,JFK,LAS,0
3415,2021,1,4,NR,JFK,SMF,0
3416,2021,1,4,ER,EWR,CLT,0
3417,2021,1,4,NER,JFK,LAX,0
3418,2021,1,4,NER,LGA,PIT,0
3419,2021,1,4,SR,LGA,IAH,0
3420,2021,1,4,ER,EWR,DFW,0
3421,2021,1,4,SR,EWR,SFO,0
3422,2021,1,4,WCR,LGA,MKE,0
3423,2021,1,4,WR,LGA,RDU,0
3424,2021,1,4,SR,EWR,ORD,1
3425,2021,1,4,ER,EWR,DSM,0
3426,2021,1,4,9E,JFK,MSY,1
3427,2021,1,4,VX,JFK,SFO,1
3428,2021,1,4,CR,LGA,DCA,0
3429,2021,1,4,SR,EWR,ORD,0
3430,2021,1,4,ER,EWR,GRR,1
3431,2021,1,4,NR,JFK,MCO,0
3432,2021,1,4,NER,JFK,PHX,0
3433,2021,1,4,FL,LGA,ATL,0
3434,2021,1,4,ER,LGA,ORD,0
3435,2021,1,4,SR,EWR,SJU,0
3436,2021,1,4,ER,JFK,EGE,1
3437,2021,1,4,NER,LGA,MIA,0
3438,2021,1,4,NER,LGA,PBI,0
3439,2021,1,4,NER,JFK,SLC,0
3440,2021,1,4,9E,JFK,ORD,0
3441,2021,1,4,9E,JFK,CLT,0
3442,2021,1,4,9E,JFK,IAD,0
3443,2021,1,4,NER,LGA,MCO,0
3444,2021,1,4,ER,EWR,BNA,1
3445,2021,1,4,NER,JFK,FLL,0
3446,2021,1,4,ER,LGA,CLE,0
3447,2021,1,4,NER,LGA,TPA,0
3448,2021,1,4,ER,EWR,CHS,0
3449,2021,1,4,9E,JFK,MSP,1
3450,2021,1,4,NER,LGA,FLL,0
3451,2021,1,4,SR,EWR,IAH,0
3452,2021,1,4,NER,LGA,MSY,0
3453,2021,1,4,ER,EWR,TUL,0
3454,2021,1,4,ER,EWR,OKC,0
3455,2021,1,4,9E,JFK,PIT,1
3456,2021,1,4,NER,JFK,SFO,1
3457,2021,1,4,NER,JFK,LAS,1
3458,2021,1,4,ER,LGA,DFW,0
3459,2021,1,4,WR,JFK,CMH,0
3460,2021,1,4,ER,EWR,RIC,1
3461,2021,1,4,NR,JFK,SFO,0
3462,2021,1,4,NER,JFK,ATL,1
3463,2021,1,4,9E,JFK,BWI,0
3464,2021,1,4,ER,JFK,LAX,1
3465,2021,1,4,ER,LGA,MIA,0
3466,2021,1,4,NR,JFK,PBI,1
3467,2021,1,4,ER,JFK,TPA,0
3468,2021,1,4,NR,JFK,BUF,1
3469,2021,1,4,9E,JFK,BUF,0
3470,2021,1,4,9E,JFK,CLE,1
3471,2021,1,4,9E,JFK,JAX,0
3472,2021,1,4,WCR,EWR,MDW,0
3473,2021,1,4,WR,JFK,RDU,0
3474,2021,1,4,SR,LGA,ORD,0
3475,2021,1,4,NER,JFK,BOS,0
3476,2021,1,4,NER,LGA,ATL,0
3477,2021,1,4,9E,JFK,CVG,0
3478,2021,1,4,9E,LGA,TYS,0
3479,2021,1,4,NR,JFK,OAK,1
3480,2021,1,4,NR,LGA,FLL,1
3481,2021,1,4,SR,EWR,TPA,0
3482,2021,1,4,ER,EWR,OMA,1
3483,2021,1,4,WR,LGA,CMH,0
3484,2021,1,4,SR,EWR,MCO,0
3485,2021,1,4,ER,EWR,IAD,1
3486,2021,1,4,ER,JFK,SFO,1
3487,2021,1,4,ER,EWR,GSO,0
3488,2021,1,4,ER,LGA,IAD,1
3489,2021,1,4,VX,JFK,LAX,1
3490,2021,1,4,SR,JFK,LAX,0
3491,2021,1,4,NR,JFK,ACR,0
3492,2021,1,4,ER,EWR,MSP,0
3493,2021,1,4,ER,EWR,BUF,1
3494,2021,1,4,FL,LGA,CAK,0
3495,2021,1,4,SR,EWR,CLE,1
3496,2021,1,4,NR,JFK,MSY,0
3497,2021,1,4,SR,EWR,PBI,0
3498,2021,1,4,SR,EWR,FLL,0
3499,2021,1,4,ER,EWR,ALB,1
3500,2021,1,4,SR,EWR,RSW,1
3501,2021,1,4,ER,EWR,DCA,1
3502,2021,1,4,ER,LGA,ORD,0
3503,2021,1,4,9E,JFK,DCA,0
3504,2021,1,4,NR,JFK,FLL,1
3505,2021,1,4,NR,EWR,MCO,0
3506,2021,1,4,NR,JFK,HOU,0
3507,2021,1,4,SR,EWR,BOS,0
3508,2021,1,4,SR,EWR,MIA,1
3509,2021,1,4,ER,EWR,GSP,1
3510,2021,1,4,NR,JFK,PDX,1
3511,2021,1,4,NR,JFK,LAX,0
3512,2021,1,4,NR,JFK,RSW,0
3513,2021,1,4,NR,JFK,JAX,0
